"","year","month","day","dep_time","sched_dep_time","dep_delay","arr_time","sched_arr_time","arr_delay","carrier","flight","tailnum","origin","dest","air_time","distance","hour","minute","time_hour"
"1",2013,1,1,724,725,-1,1020,1030,-10,"AS",11,"N594AS","EWR","SEA",338,2402,7,25,2013-01-01 07:00:00
"2",2013,1,1,1808,1815,-7,2111,2130,-19,"AS",7,"N553AS","EWR","SEA",336,2402,18,15,2013-01-01 18:00:00
"3",2013,1,2,722,725,-3,949,1030,-41,"AS",11,"N592AS","EWR","SEA",314,2402,7,25,2013-01-02 07:00:00
"4",2013,1,2,1818,1815,3,2131,2130,1,"AS",7,"N552AS","EWR","SEA",332,2402,18,15,2013-01-02 18:00:00
"5",2013,1,3,724,725,-1,1012,1030,-18,"AS",11,"N533AS","EWR","SEA",325,2402,7,25,2013-01-03 07:00:00
"6",2013,1,3,1817,1815,2,2121,2130,-9,"AS",7,"N552AS","EWR","SEA",327,2402,18,15,2013-01-03 18:00:00
"7",2013,1,4,725,725,0,1031,1030,1,"AS",11,"N579AS","EWR","SEA",345,2402,7,25,2013-01-04 07:00:00
"8",2013,1,4,1808,1815,-7,2101,2130,-29,"AS",7,"N553AS","EWR","SEA",338,2402,18,15,2013-01-04 18:00:00
"9",2013,1,5,725,725,0,1011,1030,-19,"AS",11,"N546AS","EWR","SEA",330,2402,7,25,2013-01-05 07:00:00
"10",2013,1,5,1803,1815,-12,2118,2130,-12,"AS",7,"N558AS","EWR","SEA",343,2402,18,15,2013-01-05 18:00:00
"11",2013,1,6,722,725,-3,1024,1030,-6,"AS",11,"N568AS","EWR","SEA",341,2402,7,25,2013-01-06 07:00:00
"12",2013,1,6,1817,1815,2,2146,2130,16,"AS",7,"N551AS","EWR","SEA",350,2402,18,15,2013-01-06 18:00:00
"13",2013,1,7,727,725,2,1100,1030,30,"AS",11,"N537AS","EWR","SEA",364,2402,7,25,2013-01-07 07:00:00
"14",2013,1,7,1826,1815,11,2138,2130,8,"AS",7,"N408AS","EWR","SEA",336,2402,18,15,2013-01-07 18:00:00
"15",2013,1,8,719,725,-6,1037,1030,7,"AS",11,"N553AS","EWR","SEA",347,2402,7,25,2013-01-08 07:00:00
"16",2013,1,8,1844,1815,29,2159,2130,29,"AS",7,"N407AS","EWR","SEA",346,2402,18,15,2013-01-08 18:00:00
"17",2013,1,9,740,725,15,1102,1030,32,"AS",11,"N563AS","EWR","SEA",358,2402,7,25,2013-01-09 07:00:00
"18",2013,1,9,1825,1815,10,2210,2130,40,"AS",7,"N403AS","EWR","SEA",359,2402,18,15,2013-01-09 18:00:00
"19",2013,1,10,719,725,-6,1011,1030,-19,"AS",11,"N513AS","EWR","SEA",334,2402,7,25,2013-01-10 07:00:00
"20",2013,1,10,1811,1815,-4,2111,2130,-19,"AS",7,"N402AS","EWR","SEA",313,2402,18,15,2013-01-10 18:00:00
"21",2013,1,11,719,725,-6,938,1030,-52,"AS",11,"N508AS","EWR","SEA",304,2402,7,25,2013-01-11 07:00:00
"22",2013,1,11,1820,1815,5,2115,2130,-15,"AS",7,"N320AS","EWR","SEA",329,2402,18,15,2013-01-11 18:00:00
"23",2013,1,12,749,725,24,1038,1030,8,"AS",11,"N533AS","EWR","SEA",321,2402,7,25,2013-01-12 07:00:00
"24",2013,1,12,1802,1815,-13,2104,2130,-26,"AS",7,"N565AS","EWR","SEA",326,2402,18,15,2013-01-12 18:00:00
"25",2013,1,13,718,725,-7,958,1035,-37,"AS",11,"N594AS","EWR","SEA",315,2402,7,25,2013-01-13 07:00:00
"26",2013,1,13,1846,1815,31,2132,2130,2,"AS",7,"N407AS","EWR","SEA",309,2402,18,15,2013-01-13 18:00:00
"27",2013,1,14,715,725,-10,1003,1035,-32,"AS",11,"N531AS","EWR","SEA",316,2402,7,25,2013-01-14 07:00:00
"28",2013,1,14,1825,1815,10,2132,2130,2,"AS",7,"N402AS","EWR","SEA",333,2402,18,15,2013-01-14 18:00:00
"29",2013,1,15,717,725,-8,1033,1035,-2,"AS",11,"N596AS","EWR","SEA",348,2402,7,25,2013-01-15 07:00:00
"30",2013,1,15,1811,1815,-4,2126,2130,-4,"AS",7,"N402AS","EWR","SEA",341,2402,18,15,2013-01-15 18:00:00
"31",2013,1,16,723,725,-2,1121,1035,46,"AS",11,"N589AS","EWR","SEA",361,2402,7,25,2013-01-16 07:00:00
"32",2013,1,16,1829,1815,14,2157,2130,27,"AS",7,"N408AS","EWR","SEA",358,2402,18,15,2013-01-16 18:00:00
"33",2013,1,17,727,725,2,1049,1035,14,"AS",11,"N506AS","EWR","SEA",356,2402,7,25,2013-01-17 07:00:00
"34",2013,1,17,1828,1815,13,2233,2130,63,"AS",7,"N403AS","EWR","SEA",362,2402,18,15,2013-01-17 18:00:00
"35",2013,1,18,715,725,-10,1046,1035,11,"AS",11,"N518AS","EWR","SEA",364,2402,7,25,2013-01-18 07:00:00
"36",2013,1,18,1811,1815,-4,2155,2130,25,"AS",7,"N402AS","EWR","SEA",360,2402,18,15,2013-01-18 18:00:00
"37",2013,1,19,754,725,29,1114,1035,39,"AS",11,"N535AS","EWR","SEA",352,2402,7,25,2013-01-19 07:00:00
"38",2013,1,19,1813,1815,-2,2116,2130,-14,"AS",7,"N597AS","EWR","SEA",341,2402,18,15,2013-01-19 18:00:00
"39",2013,1,20,704,725,-21,1025,1035,-10,"AS",11,"N556AS","EWR","SEA",348,2402,7,25,2013-01-20 07:00:00
"40",2013,1,20,2157,1815,222,46,2130,196,"AS",7,"N305AS","EWR","SEA",331,2402,18,15,2013-01-20 18:00:00
"41",2013,1,21,717,725,-8,1028,1035,-7,"AS",11,"N577AS","EWR","SEA",345,2402,7,25,2013-01-21 07:00:00
"42",2013,1,21,1832,1815,17,2153,2130,23,"AS",7,"N402AS","EWR","SEA",350,2402,18,15,2013-01-21 18:00:00
"43",2013,1,22,726,725,1,1105,1035,30,"AS",11,"N548AS","EWR","SEA",362,2402,7,25,2013-01-22 07:00:00
"44",2013,1,22,1809,1815,-6,2229,2130,59,"AS",7,"N403AS","EWR","SEA",392,2402,18,15,2013-01-22 18:00:00
"45",2013,1,23,738,725,13,1059,1035,24,"AS",11,"N531AS","EWR","SEA",363,2402,7,25,2013-01-23 07:00:00
"46",2013,1,23,1812,1815,-3,2149,2130,19,"AS",7,"N403AS","EWR","SEA",367,2402,18,15,2013-01-23 18:00:00
"47",2013,1,24,711,725,-14,1056,1035,21,"AS",11,"N529AS","EWR","SEA",370,2402,7,25,2013-01-24 07:00:00
"48",2013,1,24,1809,1815,-6,2149,2130,19,"AS",7,"N549AS","EWR","SEA",361,2402,18,15,2013-01-24 18:00:00
"49",2013,1,25,719,725,-6,1048,1035,13,"AS",11,"N597AS","EWR","SEA",354,2402,7,25,2013-01-25 07:00:00
"50",2013,1,25,1810,1815,-5,2215,2130,45,"AS",7,"N307AS","EWR","SEA",360,2402,18,15,2013-01-25 18:00:00
"51",2013,1,26,715,725,-10,1035,1035,0,"AS",11,"N552AS","EWR","SEA",345,2402,7,25,2013-01-26 07:00:00
"52",2013,1,26,1810,1815,-5,2115,2130,-15,"AS",7,"N323AS","EWR","SEA",350,2402,18,15,2013-01-26 18:00:00
"53",2013,1,27,709,725,-16,1016,1035,-19,"AS",11,"N584AS","EWR","SEA",340,2402,7,25,2013-01-27 07:00:00
"54",2013,1,27,1803,1815,-12,2057,2130,-33,"AS",7,"N403AS","EWR","SEA",331,2402,18,15,2013-01-27 18:00:00
"55",2013,1,28,713,725,-12,1037,1035,2,"AS",11,"N508AS","EWR","SEA",336,2402,7,25,2013-01-28 07:00:00
"56",2013,1,28,1852,1815,37,2211,2130,41,"AS",7,"N407AS","EWR","SEA",347,2402,18,15,2013-01-28 18:00:00
"57",2013,1,29,711,725,-14,1029,1035,-6,"AS",11,"N523AS","EWR","SEA",347,2402,7,25,2013-01-29 07:00:00
"58",2013,1,29,1808,1815,-7,2151,2130,21,"AS",7,"N403AS","EWR","SEA",359,2402,18,15,2013-01-29 18:00:00
"59",2013,1,30,715,725,-10,1004,1035,-31,"AS",11,"N551AS","EWR","SEA",323,2402,7,25,2013-01-30 07:00:00
"60",2013,1,30,2006,1815,111,2247,2130,77,"AS",7,"N589AS","EWR","SEA",314,2402,18,15,2013-01-30 18:00:00
"61",2013,1,31,719,725,-6,1001,1035,-34,"AS",11,"N568AS","EWR","SEA",320,2402,7,25,2013-01-31 07:00:00
"62",2013,1,31,2025,1815,130,2313,2130,103,"AS",7,"N402AS","EWR","SEA",318,2402,18,15,2013-01-31 18:00:00
"63",2013,10,1,716,720,-4,1021,1030,-9,"AS",15,"N553AS","EWR","SEA",352,2402,7,20,2013-10-01 07:00:00
"64",2013,10,1,1826,1835,-9,2138,2148,-10,"AS",5,"N403AS","EWR","SEA",343,2402,18,35,2013-10-01 18:00:00
"65",2013,10,2,724,720,4,1016,1030,-14,"AS",15,"N533AS","EWR","SEA",333,2402,7,20,2013-10-02 07:00:00
"66",2013,10,2,1827,1835,-8,2127,2148,-21,"AS",5,"N506AS","EWR","SEA",324,2402,18,35,2013-10-02 18:00:00
"67",2013,10,3,707,720,-13,949,1030,-41,"AS",15,"N592AS","EWR","SEA",315,2402,7,20,2013-10-03 07:00:00
"68",2013,10,3,1820,1835,-15,2124,2148,-24,"AS",5,"N583AS","EWR","SEA",324,2402,18,35,2013-10-03 18:00:00
"69",2013,10,4,710,720,-10,946,1030,-44,"AS",15,"N520AS","EWR","SEA",312,2402,7,20,2013-10-04 07:00:00
"70",2013,10,4,1834,1835,-1,2144,2148,-4,"AS",5,"N526AS","EWR","SEA",324,2402,18,35,2013-10-04 18:00:00
"71",2013,10,5,714,720,-6,1002,1030,-28,"AS",15,"N419AS","EWR","SEA",321,2402,7,20,2013-10-05 07:00:00
"72",2013,10,5,1828,1835,-7,2136,2148,-12,"AS",5,"N553AS","EWR","SEA",336,2402,18,35,2013-10-05 18:00:00
"73",2013,10,6,715,720,-5,943,1030,-47,"AS",15,"N423AS","EWR","SEA",306,2402,7,20,2013-10-06 07:00:00
"74",2013,10,6,1829,1835,-6,2119,2148,-29,"AS",5,"N419AS","EWR","SEA",305,2402,18,35,2013-10-06 18:00:00
"75",2013,10,7,722,720,2,1004,1030,-26,"AS",15,"N423AS","EWR","SEA",318,2402,7,20,2013-10-07 07:00:00
"76",2013,10,7,1831,1835,-4,2125,2148,-23,"AS",5,"N407AS","EWR","SEA",329,2402,18,35,2013-10-07 18:00:00
"77",2013,10,8,710,720,-10,955,1030,-35,"AS",15,"N419AS","EWR","SEA",327,2402,7,20,2013-10-08 07:00:00
"78",2013,10,8,1819,1835,-16,2105,2148,-43,"AS",5,"N423AS","EWR","SEA",308,2402,18,35,2013-10-08 18:00:00
"79",2013,10,9,719,720,-1,941,1030,-49,"AS",15,"N403AS","EWR","SEA",307,2402,7,20,2013-10-09 07:00:00
"80",2013,10,9,1836,1835,1,2110,2148,-38,"AS",5,"N402AS","EWR","SEA",297,2402,18,35,2013-10-09 18:00:00
"81",2013,10,10,726,720,6,959,1030,-31,"AS",15,"N423AS","EWR","SEA",305,2402,7,20,2013-10-10 07:00:00
"82",2013,10,10,1938,1835,63,2158,2148,10,"AS",5,"N403AS","EWR","SEA",306,2402,18,35,2013-10-10 18:00:00
"83",2013,10,11,720,720,0,938,1030,-52,"AS",15,"N409AS","EWR","SEA",298,2402,7,20,2013-10-11 07:00:00
"84",2013,10,11,2101,1835,146,2321,2148,93,"AS",5,"N584AS","EWR","SEA",302,2402,18,35,2013-10-11 18:00:00
"85",2013,10,12,711,720,-9,939,1030,-51,"AS",15,"N524AS","EWR","SEA",306,2402,7,20,2013-10-12 07:00:00
"86",2013,10,12,1818,1835,-17,2055,2148,-53,"AS",5,"N517AS","EWR","SEA",312,2402,18,35,2013-10-12 18:00:00
"87",2013,10,13,717,720,-3,940,1030,-50,"AS",15,"N408AS","EWR","SEA",309,2402,7,20,2013-10-13 07:00:00
"88",2013,10,13,1834,1835,-1,2136,2148,-12,"AS",5,"N413AS","EWR","SEA",317,2402,18,35,2013-10-13 18:00:00
"89",2013,10,14,714,720,-6,941,1030,-49,"AS",15,"N402AS","EWR","SEA",308,2402,7,20,2013-10-14 07:00:00
"90",2013,10,14,1830,1835,-5,2139,2148,-9,"AS",5,"N407AS","EWR","SEA",327,2402,18,35,2013-10-14 18:00:00
"91",2013,10,15,718,720,-2,930,1030,-60,"AS",15,"N552AS","EWR","SEA",297,2402,7,20,2013-10-15 07:00:00
"92",2013,10,15,1832,1835,-3,2109,2148,-39,"AS",5,"N423AS","EWR","SEA",298,2402,18,35,2013-10-15 18:00:00
"93",2013,10,16,715,720,-5,947,1030,-43,"AS",15,"N538AS","EWR","SEA",313,2402,7,20,2013-10-16 07:00:00
"94",2013,10,16,1829,1835,-6,2123,2148,-25,"AS",5,"N306AS","EWR","SEA",312,2402,18,35,2013-10-16 18:00:00
"95",2013,10,17,719,720,-1,957,1030,-33,"AS",15,"N408AS","EWR","SEA",312,2402,7,20,2013-10-17 07:00:00
"96",2013,10,17,1835,1835,0,2117,2148,-31,"AS",5,"N409AS","EWR","SEA",296,2402,18,35,2013-10-17 18:00:00
"97",2013,10,18,709,720,-11,942,1030,-48,"AS",15,"N563AS","EWR","SEA",307,2402,7,20,2013-10-18 07:00:00
"98",2013,10,18,1831,1835,-4,2127,2148,-21,"AS",5,"N402AS","EWR","SEA",322,2402,18,35,2013-10-18 18:00:00
"99",2013,10,19,714,720,-6,1002,1030,-28,"AS",15,"N419AS","EWR","SEA",325,2402,7,20,2013-10-19 07:00:00
"100",2013,10,19,1818,1835,-17,2054,2148,-54,"AS",5,"N423AS","EWR","SEA",312,2402,18,35,2013-10-19 18:00:00
"101",2013,10,20,715,720,-5,958,1030,-32,"AS",15,"N526AS","EWR","SEA",317,2402,7,20,2013-10-20 07:00:00
"102",2013,10,20,1829,1835,-6,2136,2148,-12,"AS",5,"N423AS","EWR","SEA",319,2402,18,35,2013-10-20 18:00:00
"103",2013,10,21,716,720,-4,956,1030,-34,"AS",15,"N563AS","EWR","SEA",321,2402,7,20,2013-10-21 07:00:00
"104",2013,10,21,1958,1835,83,2234,2148,46,"AS",5,"N303AS","EWR","SEA",318,2402,18,35,2013-10-21 18:00:00
"105",2013,10,22,726,720,6,1008,1030,-22,"AS",15,"N512AS","EWR","SEA",319,2402,7,20,2013-10-22 07:00:00
"106",2013,10,22,1834,1835,-1,2203,2148,15,"AS",5,"N408AS","EWR","SEA",329,2402,18,35,2013-10-22 18:00:00
"107",2013,10,23,733,720,13,1020,1030,-10,"AS",15,"N413AS","EWR","SEA",322,2402,7,20,2013-10-23 07:00:00
"108",2013,10,23,1835,1835,0,2132,2148,-16,"AS",5,"N431AS","EWR","SEA",304,2402,18,35,2013-10-23 18:00:00
"109",2013,10,24,714,720,-6,946,1030,-44,"AS",15,"N408AS","EWR","SEA",312,2402,7,20,2013-10-24 07:00:00
"110",2013,10,24,1834,1835,-1,2115,2148,-33,"AS",5,"N423AS","EWR","SEA",314,2402,18,35,2013-10-24 18:00:00
"111",2013,10,25,715,720,-5,1005,1030,-25,"AS",15,"N403AS","EWR","SEA",322,2402,7,20,2013-10-25 07:00:00
"112",2013,10,25,1829,1835,-6,2127,2148,-21,"AS",5,"N409AS","EWR","SEA",323,2402,18,35,2013-10-25 18:00:00
"113",2013,10,26,711,720,-9,1020,1030,-10,"AS",15,"N419AS","EWR","SEA",343,2402,7,20,2013-10-26 07:00:00
"114",2013,10,26,1830,1835,-5,2122,2148,-26,"AS",5,"N402AS","EWR","SEA",314,2402,18,35,2013-10-26 18:00:00
"115",2013,10,27,717,720,-3,1006,1030,-24,"AS",15,"N423AS","EWR","SEA",328,2402,7,20,2013-10-27 07:00:00
"116",2013,10,27,1831,1835,-4,2124,2148,-24,"AS",5,"N403AS","EWR","SEA",326,2402,18,35,2013-10-27 18:00:00
"117",2013,10,28,718,720,-2,954,1030,-36,"AS",15,"N431AS","EWR","SEA",317,2402,7,20,2013-10-28 07:00:00
"118",2013,10,28,1830,1835,-5,2109,2148,-39,"AS",5,"N423AS","EWR","SEA",320,2402,18,35,2013-10-28 18:00:00
"119",2013,10,29,720,720,0,944,1030,-46,"AS",15,"N407AS","EWR","SEA",311,2402,7,20,2013-10-29 07:00:00
"120",2013,10,29,1825,1835,-10,2047,2148,-61,"AS",5,"N403AS","EWR","SEA",292,2402,18,35,2013-10-29 18:00:00
"121",2013,10,30,711,720,-9,947,1030,-43,"AS",15,"N431AS","EWR","SEA",313,2402,7,20,2013-10-30 07:00:00
"122",2013,10,30,1841,1835,6,2138,2148,-10,"AS",5,"N407AS","EWR","SEA",323,2402,18,35,2013-10-30 18:00:00
"123",2013,10,31,726,720,6,1030,1030,0,"AS",15,"N409AS","EWR","SEA",327,2402,7,20,2013-10-31 07:00:00
"124",2013,10,31,1833,1835,-2,2131,2148,-17,"AS",5,"N423AS","EWR","SEA",328,2402,18,35,2013-10-31 18:00:00
"125",2013,11,1,714,720,-6,1008,1030,-22,"AS",15,"N403AS","EWR","SEA",331,2402,7,20,2013-11-01 07:00:00
"126",2013,11,1,2013,1835,98,2317,2148,89,"AS",5,"N413AS","EWR","SEA",333,2402,18,35,2013-11-01 18:00:00
"127",2013,11,2,713,720,-7,1014,1030,-16,"AS",15,"N431AS","EWR","SEA",335,2402,7,20,2013-11-02 07:00:00
"128",2013,11,2,1829,1835,-6,2137,2148,-11,"AS",5,"N402AS","EWR","SEA",332,2402,18,35,2013-11-02 18:00:00
"129",2013,11,3,716,720,-4,1007,1030,-23,"AS",915,"N433AS","EWR","SEA",327,2402,7,20,2013-11-03 07:00:00
"130",2013,11,3,1822,1825,-3,2124,2149,-25,"AS",5,"N403AS","EWR","SEA",316,2402,18,25,2013-11-03 18:00:00
"131",2013,11,4,712,705,7,947,1017,-30,"AS",15,"N413AS","EWR","SEA",311,2402,7,5,2013-11-04 07:00:00
"132",2013,11,4,1824,1825,-1,2126,2149,-23,"AS",5,"N409AS","EWR","SEA",324,2402,18,25,2013-11-04 18:00:00
"133",2013,11,5,705,705,0,1007,1017,-10,"AS",15,"N403AS","EWR","SEA",343,2402,7,5,2013-11-05 07:00:00
"134",2013,11,5,1829,1825,4,2127,2149,-22,"AS",5,"N419AS","EWR","SEA",336,2402,18,25,2013-11-05 18:00:00
"135",2013,11,6,1818,1825,-7,2148,2149,-1,"AS",5,"N408AS","EWR","SEA",349,2402,18,25,2013-11-06 18:00:00
"136",2013,11,7,1913,1825,48,2213,2149,24,"AS",5,"N403AS","EWR","SEA",320,2402,18,25,2013-11-07 18:00:00
"137",2013,11,8,701,705,-4,1003,1017,-14,"AS",15,"N408AS","EWR","SEA",343,2402,7,5,2013-11-08 07:00:00
"138",2013,11,8,1821,1825,-4,2139,2149,-10,"AS",5,"N413AS","EWR","SEA",354,2402,18,25,2013-11-08 18:00:00
"139",2013,11,9,702,705,-3,1011,1017,-6,"AS",15,"N402AS","EWR","SEA",345,2402,7,5,2013-11-09 07:00:00
"140",2013,11,9,1845,1825,20,2236,2149,47,"AS",5,"N409AS","EWR","SEA",377,2402,18,25,2013-11-09 18:00:00
"141",2013,11,10,1819,1825,-6,2210,2149,21,"AS",5,"N409AS","EWR","SEA",384,2402,18,25,2013-11-10 18:00:00
"142",2013,11,11,704,705,-1,1018,1017,1,"AS",15,"N402AS","EWR","SEA",351,2402,7,5,2013-11-11 07:00:00
"143",2013,11,11,1821,1825,-4,2108,2149,-41,"AS",5,"N423AS","EWR","SEA",319,2402,18,25,2013-11-11 18:00:00
"144",2013,11,12,700,705,-5,941,1017,-36,"AS",15,"N419AS","EWR","SEA",316,2402,7,5,2013-11-12 07:00:00
"145",2013,11,12,1856,1825,31,2126,2149,-23,"AS",5,"N407AS","EWR","SEA",311,2402,18,25,2013-11-12 18:00:00
"146",2013,11,13,1837,1825,12,2145,2149,-4,"AS",5,"N407AS","EWR","SEA",327,2402,18,25,2013-11-13 18:00:00
"147",2013,11,14,1817,1825,-8,2132,2149,-17,"AS",5,"N408AS","EWR","SEA",325,2402,18,25,2013-11-14 18:00:00
"148",2013,11,15,656,705,-9,938,1017,-39,"AS",15,"N402AS","EWR","SEA",322,2402,7,5,2013-11-15 07:00:00
"149",2013,11,15,1820,1825,-5,2121,2149,-28,"AS",5,"N413AS","EWR","SEA",331,2402,18,25,2013-11-15 18:00:00
"150",2013,11,16,656,705,-9,942,1017,-35,"AS",15,"N409AS","EWR","SEA",333,2402,7,5,2013-11-16 07:00:00
"151",2013,11,16,1816,1825,-9,2124,2149,-25,"AS",5,"N403AS","EWR","SEA",345,2402,18,25,2013-11-16 18:00:00
"152",2013,11,17,1823,1825,-2,2200,2149,11,"AS",5,"N419AS","EWR","SEA",339,2402,18,25,2013-11-17 18:00:00
"153",2013,11,18,701,705,-4,1014,1017,-3,"AS",15,"N431AS","EWR","SEA",356,2402,7,5,2013-11-18 07:00:00
"154",2013,11,18,1820,1825,-5,2155,2149,6,"AS",5,"N407AS","EWR","SEA",365,2402,18,25,2013-11-18 18:00:00
"155",2013,11,19,655,705,-10,1007,1017,-10,"AS",15,"N408AS","EWR","SEA",350,2402,7,5,2013-11-19 07:00:00
"156",2013,11,19,1820,1825,-5,2122,2149,-27,"AS",5,"N403AS","EWR","SEA",337,2402,18,25,2013-11-19 18:00:00
"157",2013,11,20,1826,1825,1,2123,2149,-26,"AS",5,"N408AS","EWR","SEA",331,2402,18,25,2013-11-20 18:00:00
"158",2013,11,21,1824,1825,-1,2151,2149,2,"AS",5,"N440AS","EWR","SEA",338,2402,18,25,2013-11-21 18:00:00
"159",2013,11,22,656,705,-9,1017,1017,0,"AS",15,"N431AS","EWR","SEA",357,2402,7,5,2013-11-22 07:00:00
"160",2013,11,22,1825,1825,0,2152,2149,3,"AS",5,"N407AS","EWR","SEA",350,2402,18,25,2013-11-22 18:00:00
"161",2013,11,23,659,705,-6,948,1017,-29,"AS",15,"N433AS","EWR","SEA",331,2402,7,5,2013-11-23 07:00:00
"162",2013,11,23,1814,1825,-11,2125,2149,-24,"AS",5,"N423AS","EWR","SEA",328,2402,18,25,2013-11-23 18:00:00
"163",2013,11,24,655,705,-10,945,1017,-32,"AS",15,"N407AS","EWR","SEA",332,2402,7,5,2013-11-24 07:00:00
"164",2013,11,24,1821,1825,-4,2132,2149,-17,"AS",5,"N435AS","EWR","SEA",344,2402,18,25,2013-11-24 18:00:00
"165",2013,11,25,651,705,-14,1018,1017,1,"AS",15,"N402AS","EWR","SEA",364,2402,7,5,2013-11-25 07:00:00
"166",2013,11,25,1908,1825,43,2203,2149,14,"AS",5,"N419AS","EWR","SEA",338,2402,18,25,2013-11-25 18:00:00
"167",2013,11,26,704,705,-1,955,1017,-22,"AS",15,"N407AS","EWR","SEA",339,2402,7,5,2013-11-26 07:00:00
"168",2013,11,26,1825,1825,0,2128,2149,-21,"AS",5,"N413AS","EWR","SEA",328,2402,18,25,2013-11-26 18:00:00
"169",2013,11,27,713,705,8,1005,1017,-12,"AS",15,"N408AS","EWR","SEA",332,2402,7,5,2013-11-27 07:00:00
"170",2013,11,27,1945,1825,80,2235,2149,46,"AS",5,"N419AS","EWR","SEA",312,2402,18,25,2013-11-27 18:00:00
"171",2013,11,28,702,705,-3,1021,1017,4,"AS",15,"N435AS","EWR","SEA",360,2402,7,5,2013-11-28 07:00:00
"172",2013,11,28,1805,1825,-20,2056,2149,-53,"AS",5,"N440AS","EWR","SEA",330,2402,18,25,2013-11-28 18:00:00
"173",2013,11,29,701,705,-4,959,1017,-18,"AS",15,"N403AS","EWR","SEA",337,2402,7,5,2013-11-29 07:00:00
"174",2013,11,29,1832,1825,7,2113,2149,-36,"AS",5,"N407AS","EWR","SEA",326,2402,18,25,2013-11-29 18:00:00
"175",2013,11,30,700,705,-5,949,1017,-28,"AS",15,"N409AS","EWR","SEA",326,2402,7,5,2013-11-30 07:00:00
"176",2013,11,30,1841,1825,16,2137,2149,-12,"AS",5,"N407AS","EWR","SEA",335,2402,18,25,2013-11-30 18:00:00
"177",2013,12,1,700,705,-5,1005,1017,-12,"AS",15,"N435AS","EWR","SEA",338,2402,7,5,2013-12-01 07:00:00
"178",2013,12,1,1832,1825,7,2200,2149,11,"AS",5,"N440AS","EWR","SEA",325,2402,18,25,2013-12-01 18:00:00
"179",2013,12,2,700,705,-5,930,1017,-47,"AS",15,"N402AS","EWR","SEA",314,2402,7,5,2013-12-02 07:00:00
"180",2013,12,2,1824,1825,-1,2120,2149,-29,"AS",5,"N435AS","EWR","SEA",314,2402,18,25,2013-12-02 18:00:00
"181",2013,12,3,709,705,4,946,1017,-31,"AS",15,"N431AS","EWR","SEA",313,2402,7,5,2013-12-03 07:00:00
"182",2013,12,3,1833,1825,8,2134,2149,-15,"AS",5,"N402AS","EWR","SEA",333,2402,18,25,2013-12-03 18:00:00
"183",2013,12,4,1826,1825,1,2147,2149,-2,"AS",5,"N403AS","EWR","SEA",337,2402,18,25,2013-12-04 18:00:00
"184",2013,12,5,1840,1825,15,2201,2149,12,"AS",5,"N413AS","EWR","SEA",348,2402,18,25,2013-12-05 18:00:00
"185",2013,12,6,706,705,1,1001,1017,-16,"AS",15,"N419AS","EWR","SEA",333,2402,7,5,2013-12-06 07:00:00
"186",2013,12,6,1945,1825,80,2229,2149,40,"AS",5,"N440AS","EWR","SEA",314,2402,18,25,2013-12-06 18:00:00
"187",2013,12,7,709,705,4,1008,1017,-9,"AS",15,"N319AS","EWR","SEA",328,2402,7,5,2013-12-07 07:00:00
"188",2013,12,7,1902,1825,37,2202,2149,13,"AS",5,"N423AS","EWR","SEA",339,2402,18,25,2013-12-07 18:00:00
"189",2013,12,8,1940,1825,75,2317,2152,85,"AS",5,"N407AS","EWR","SEA",342,2402,18,25,2013-12-08 18:00:00
"190",2013,12,9,703,705,-2,1038,1015,23,"AS",15,"N413AS","EWR","SEA",341,2402,7,5,2013-12-09 07:00:00
"191",2013,12,9,1950,1825,85,2325,2152,93,"AS",5,"N423AS","EWR","SEA",334,2402,18,25,2013-12-09 18:00:00
"192",2013,12,10,659,705,-6,1015,1015,0,"AS",15,"N409AS","EWR","SEA",348,2402,7,5,2013-12-10 07:00:00
"193",2013,12,10,2027,1825,122,2336,2152,104,"AS",5,"N440AS","EWR","SEA",344,2402,18,25,2013-12-10 18:00:00
"194",2013,12,11,1818,1825,-7,2211,2152,19,"AS",5,"N402AS","EWR","SEA",368,2402,18,25,2013-12-11 18:00:00
"195",2013,12,12,1819,1825,-6,2158,2152,6,"AS",5,"N413AS","EWR","SEA",360,2402,18,25,2013-12-12 18:00:00
"196",2013,12,13,713,705,8,1033,1015,18,"AS",15,"N442AS","EWR","SEA",358,2402,7,5,2013-12-13 07:00:00
"197",2013,12,13,1819,1825,-6,2158,2152,6,"AS",5,"N407AS","EWR","SEA",356,2402,18,25,2013-12-13 18:00:00
"198",2013,12,14,721,705,16,1027,1015,12,"AS",15,"N408AS","EWR","SEA",348,2402,7,5,2013-12-14 07:00:00
"199",2013,12,14,2056,1825,151,2351,2152,119,"AS",5,"N409AS","EWR","SEA",338,2402,18,25,2013-12-14 18:00:00
"200",2013,12,15,1824,1825,-1,2154,2152,2,"AS",5,"N442AS","EWR","SEA",344,2402,18,25,2013-12-15 18:00:00
"201",2013,12,16,659,705,-6,1005,1015,-10,"AS",15,"N440AS","EWR","SEA",346,2402,7,5,2013-12-16 07:00:00
"202",2013,12,16,1826,1825,1,2139,2152,-13,"AS",5,"N407AS","EWR","SEA",343,2402,18,25,2013-12-16 18:00:00
"203",2013,12,17,723,705,18,1053,1015,38,"AS",15,"N403AS","EWR","SEA",343,2402,7,5,2013-12-17 07:00:00
"204",2013,12,17,1918,1825,53,2253,2152,61,"AS",5,"N413AS","EWR","SEA",343,2402,18,25,2013-12-17 18:00:00
"205",2013,12,18,1836,1825,11,2202,2152,10,"AS",5,"N408AS","EWR","SEA",353,2402,18,25,2013-12-18 18:00:00
"206",2013,12,19,1846,1825,21,2208,2152,16,"AS",5,"N413AS","EWR","SEA",346,2402,18,25,2013-12-19 18:00:00
"207",2013,12,20,752,705,47,1058,1015,43,"AS",15,"N402AS","EWR","SEA",339,2402,7,5,2013-12-20 07:00:00
"208",2013,12,20,1923,1825,58,2247,2152,55,"AS",5,"N440AS","EWR","SEA",355,2402,18,25,2013-12-20 18:00:00
"209",2013,12,21,705,705,0,1013,1015,-2,"AS",15,"N433AS","EWR","SEA",351,2402,7,5,2013-12-21 07:00:00
"210",2013,12,21,1826,1825,1,2132,2152,-20,"AS",5,"N409AS","EWR","SEA",344,2402,18,25,2013-12-21 18:00:00
"211",2013,12,22,712,705,7,956,1015,-19,"AS",15,"N403AS","EWR","SEA",324,2402,7,5,2013-12-22 07:00:00
"212",2013,12,22,1914,1825,49,2158,2152,6,"AS",5,"N433AS","EWR","SEA",320,2402,18,25,2013-12-22 18:00:00
"213",2013,12,23,804,705,59,1049,1015,34,"AS",15,"N423AS","EWR","SEA",326,2402,7,5,2013-12-23 07:00:00
"214",2013,12,23,1909,1825,44,2159,2152,7,"AS",5,"N433AS","EWR","SEA",331,2402,18,25,2013-12-23 18:00:00
"215",2013,12,24,704,705,-1,946,1015,-29,"AS",15,"N442AS","EWR","SEA",319,2402,7,5,2013-12-24 07:00:00
"216",2013,12,24,1821,1825,-4,2102,2152,-50,"AS",5,"N408AS","EWR","SEA",326,2402,18,25,2013-12-24 18:00:00
"217",2013,12,25,706,705,1,948,1015,-27,"AS",15,"N409AS","EWR","SEA",322,2402,7,5,2013-12-25 07:00:00
"218",2013,12,25,1810,1825,-15,2106,2152,-46,"AS",5,"N433AS","EWR","SEA",340,2402,18,25,2013-12-25 18:00:00
"219",2013,12,26,712,705,7,953,1015,-22,"AS",15,"N440AS","EWR","SEA",321,2402,7,5,2013-12-26 07:00:00
"220",2013,12,26,1820,1825,-5,2122,2152,-30,"AS",5,"N433AS","EWR","SEA",340,2402,18,25,2013-12-26 18:00:00
"221",2013,12,27,722,705,17,1028,1015,13,"AS",15,"N403AS","EWR","SEA",341,2402,7,5,2013-12-27 07:00:00
"222",2013,12,27,1828,1825,3,2156,2152,4,"AS",5,"N442AS","EWR","SEA",344,2402,18,25,2013-12-27 18:00:00
"223",2013,12,28,727,705,22,1024,1015,9,"AS",15,"N413AS","EWR","SEA",336,2402,7,5,2013-12-28 07:00:00
"224",2013,12,28,1827,1825,2,2128,2152,-24,"AS",5,"N402AS","EWR","SEA",322,2402,18,25,2013-12-28 18:00:00
"225",2013,12,29,711,705,6,1007,1015,-8,"AS",15,"N407AS","EWR","SEA",337,2402,7,5,2013-12-29 07:00:00
"226",2013,12,29,1840,1825,15,2154,2152,2,"AS",5,"N409AS","EWR","SEA",340,2402,18,25,2013-12-29 18:00:00
"227",2013,12,30,700,705,-5,1019,1015,4,"AS",15,"N514AS","EWR","SEA",351,2402,7,5,2013-12-30 07:00:00
"228",2013,12,30,1821,1825,-4,2128,2152,-24,"AS",5,"N431AS","EWR","SEA",337,2402,18,25,2013-12-30 18:00:00
"229",2013,12,31,702,705,-3,1027,1015,12,"AS",15,"N407AS","EWR","SEA",360,2402,7,5,2013-12-31 07:00:00
"230",2013,12,31,1824,1825,-1,2203,2152,11,"AS",5,"N442AS","EWR","SEA",357,2402,18,25,2013-12-31 18:00:00
"231",2013,2,1,710,725,-15,1006,1035,-29,"AS",11,"N551AS","EWR","SEA",323,2402,7,25,2013-02-01 07:00:00
"232",2013,2,1,1812,1815,-3,2125,2130,-5,"AS",7,"N528AS","EWR","SEA",339,2402,18,15,2013-02-01 18:00:00
"233",2013,2,2,720,725,-5,1011,1035,-24,"AS",11,"N526AS","EWR","SEA",333,2402,7,25,2013-02-02 07:00:00
"234",2013,2,2,1759,1815,-16,2055,2130,-35,"AS",7,"N584AS","EWR","SEA",330,2402,18,15,2013-02-02 18:00:00
"235",2013,2,3,721,725,-4,1021,1035,-14,"AS",11,"N568AS","EWR","SEA",335,2402,7,25,2013-02-03 07:00:00
"236",2013,2,3,1807,1815,-8,2118,2130,-12,"AS",7,"N593AS","EWR","SEA",337,2402,18,15,2013-02-03 18:00:00
"237",2013,2,4,724,725,-1,1036,1035,1,"AS",11,"N532AS","EWR","SEA",353,2402,7,25,2013-02-04 07:00:00
"238",2013,2,4,1807,1815,-8,2114,2130,-16,"AS",7,"N408AS","EWR","SEA",344,2402,18,15,2013-02-04 18:00:00
"239",2013,2,5,710,725,-15,1041,1035,6,"AS",11,"N549AS","EWR","SEA",341,2402,7,25,2013-02-05 07:00:00
"240",2013,2,5,1812,1815,-3,2145,2130,15,"AS",7,"N569AS","EWR","SEA",350,2402,18,15,2013-02-05 18:00:00
"241",2013,2,6,720,725,-5,1055,1035,20,"AS",11,"N519AS","EWR","SEA",352,2402,7,25,2013-02-06 07:00:00
"242",2013,2,6,1806,1815,-9,2112,2130,-18,"AS",7,"N403AS","EWR","SEA",340,2402,18,15,2013-02-06 18:00:00
"243",2013,2,7,714,725,-11,1003,1035,-32,"AS",11,"N533AS","EWR","SEA",328,2402,7,25,2013-02-07 07:00:00
"244",2013,2,7,1855,1815,40,2200,2130,30,"AS",7,"N408AS","EWR","SEA",331,2402,18,15,2013-02-07 18:00:00
"245",2013,2,8,719,725,-6,1014,1035,-21,"AS",11,"N590AS","EWR","SEA",320,2402,7,25,2013-02-08 07:00:00
"246",2013,2,8,NA,1815,NA,NA,2130,NA,"AS",7,"N402AS","EWR","SEA",NA,2402,18,15,2013-02-08 18:00:00
"247",2013,2,9,1807,1815,-8,2105,2130,-25,"AS",7,"N402AS","EWR","SEA",333,2402,18,15,2013-02-09 18:00:00
"248",2013,2,9,NA,725,NA,NA,1035,NA,"AS",11,"N592AS","EWR","SEA",NA,2402,7,25,2013-02-09 07:00:00
"249",2013,2,10,720,725,-5,959,1030,-31,"AS",11,"N584AS","EWR","SEA",315,2402,7,25,2013-02-10 07:00:00
"250",2013,2,10,1828,1815,13,2056,2125,-29,"AS",7,"N403AS","EWR","SEA",306,2402,18,15,2013-02-10 18:00:00
"251",2013,2,11,724,725,-1,956,1030,-34,"AS",11,"N532AS","EWR","SEA",309,2402,7,25,2013-02-11 07:00:00
"252",2013,2,11,1842,1815,27,2116,2125,-9,"AS",7,"N407AS","EWR","SEA",314,2402,18,15,2013-02-11 18:00:00
"253",2013,2,12,720,725,-5,1008,1030,-22,"AS",11,"N565AS","EWR","SEA",332,2402,7,25,2013-02-12 07:00:00
"254",2013,2,12,1814,1815,-1,2137,2125,12,"AS",7,"N407AS","EWR","SEA",341,2402,18,15,2013-02-12 18:00:00
"255",2013,2,13,738,725,13,1038,1030,8,"AS",11,"N584AS","EWR","SEA",341,2402,7,25,2013-02-13 07:00:00
"256",2013,2,13,1812,1815,-3,2055,2125,-30,"AS",7,"N403AS","EWR","SEA",315,2402,18,15,2013-02-13 18:00:00
"257",2013,2,14,719,725,-6,1000,1030,-30,"AS",11,"N530AS","EWR","SEA",314,2402,7,25,2013-02-14 07:00:00
"258",2013,2,14,1815,1815,0,2047,2125,-38,"AS",7,"N402AS","EWR","SEA",307,2402,18,15,2013-02-14 18:00:00
"259",2013,2,15,717,725,-8,1006,1030,-24,"AS",11,"N562AS","EWR","SEA",316,2402,7,25,2013-02-15 07:00:00
"260",2013,2,15,1820,1815,5,2136,2125,11,"AS",7,"N402AS","EWR","SEA",319,2402,18,15,2013-02-15 18:00:00
"261",2013,2,16,726,725,1,1009,1030,-21,"AS",11,"N568AS","EWR","SEA",328,2402,7,25,2013-02-16 07:00:00
"262",2013,2,16,1813,1815,-2,2116,2125,-9,"AS",7,"N407AS","EWR","SEA",332,2402,18,15,2013-02-16 18:00:00
"263",2013,2,17,716,725,-9,1005,1030,-25,"AS",11,"N514AS","EWR","SEA",324,2402,7,25,2013-02-17 07:00:00
"264",2013,2,17,1822,1815,7,2154,2125,29,"AS",7,"N302AS","EWR","SEA",330,2402,18,15,2013-02-17 18:00:00
"265",2013,2,18,714,725,-11,1012,1030,-18,"AS",11,"N585AS","EWR","SEA",333,2402,7,25,2013-02-18 07:00:00
"266",2013,2,18,1834,1815,19,2119,2125,-6,"AS",7,"N403AS","EWR","SEA",319,2402,18,15,2013-02-18 18:00:00
"267",2013,2,19,726,725,1,1002,1030,-28,"AS",11,"N517AS","EWR","SEA",316,2402,7,25,2013-02-19 07:00:00
"268",2013,2,19,1840,1815,25,2120,2125,-5,"AS",7,"N409AS","EWR","SEA",318,2402,18,15,2013-02-19 18:00:00
"269",2013,2,20,722,725,-3,1018,1030,-12,"AS",11,"N577AS","EWR","SEA",322,2402,7,25,2013-02-20 07:00:00
"270",2013,2,20,1833,1815,18,2132,2125,7,"AS",7,"N319AS","EWR","SEA",318,2402,18,15,2013-02-20 18:00:00
"271",2013,2,21,720,725,-5,1019,1030,-11,"AS",11,"N584AS","EWR","SEA",340,2402,7,25,2013-02-21 07:00:00
"272",2013,2,21,1806,1815,-9,2114,2125,-11,"AS",7,"N523AS","EWR","SEA",332,2402,18,15,2013-02-21 18:00:00
"273",2013,2,22,731,725,6,1014,1030,-16,"AS",11,"N562AS","EWR","SEA",321,2402,7,25,2013-02-22 07:00:00
"274",2013,2,22,1811,1815,-4,2116,2125,-9,"AS",7,"N409AS","EWR","SEA",321,2402,18,15,2013-02-22 18:00:00
"275",2013,2,23,713,725,-12,1001,1030,-29,"AS",11,"N566AS","EWR","SEA",322,2402,7,25,2013-02-23 07:00:00
"276",2013,2,23,1816,1815,1,2111,2125,-14,"AS",7,"N403AS","EWR","SEA",313,2402,18,15,2013-02-23 18:00:00
"277",2013,2,24,719,725,-6,948,1030,-42,"AS",11,"N506AS","EWR","SEA",315,2402,7,25,2013-02-24 07:00:00
"278",2013,2,24,1815,1815,0,2127,2125,2,"AS",7,"N403AS","EWR","SEA",328,2402,18,15,2013-02-24 18:00:00
"279",2013,2,25,719,725,-6,1013,1030,-17,"AS",11,"N532AS","EWR","SEA",325,2402,7,25,2013-02-25 07:00:00
"280",2013,2,25,1808,1815,-7,2118,2125,-7,"AS",7,"N530AS","EWR","SEA",330,2402,18,15,2013-02-25 18:00:00
"281",2013,2,26,715,725,-10,1004,1030,-26,"AS",11,"N506AS","EWR","SEA",325,2402,7,25,2013-02-26 07:00:00
"282",2013,2,26,1838,1815,23,2048,2125,-37,"AS",7,"N594AS","EWR","SEA",293,2402,18,15,2013-02-26 18:00:00
"283",2013,2,27,848,725,83,1138,1030,68,"AS",11,"N581AS","EWR","SEA",300,2402,7,25,2013-02-27 07:00:00
"284",2013,2,27,1808,1815,-7,2041,2125,-44,"AS",7,"N568AS","EWR","SEA",304,2402,18,15,2013-02-27 18:00:00
"285",2013,2,28,716,725,-9,946,1030,-44,"AS",11,"N532AS","EWR","SEA",311,2402,7,25,2013-02-28 07:00:00
"286",2013,2,28,1818,1815,3,2137,2125,12,"AS",7,"N402AS","EWR","SEA",326,2402,18,15,2013-02-28 18:00:00
"287",2013,3,1,720,725,-5,1009,1030,-21,"AS",11,"N506AS","EWR","SEA",328,2402,7,25,2013-03-01 07:00:00
"288",2013,3,1,1822,1815,7,2142,2125,17,"AS",7,"N548AS","EWR","SEA",331,2402,18,15,2013-03-01 18:00:00
"289",2013,3,2,725,725,0,1015,1030,-15,"AS",11,"N577AS","EWR","SEA",334,2402,7,25,2013-03-02 07:00:00
"290",2013,3,2,1806,1815,-9,2122,2125,-3,"AS",7,"N402AS","EWR","SEA",348,2402,18,15,2013-03-02 18:00:00
"291",2013,3,3,721,725,-4,1006,1030,-24,"AS",11,"N583AS","EWR","SEA",328,2402,7,25,2013-03-03 07:00:00
"292",2013,3,3,1758,1815,-17,2050,2125,-35,"AS",7,"N402AS","EWR","SEA",324,2402,18,15,2013-03-03 18:00:00
"293",2013,3,4,725,725,0,1000,1030,-30,"AS",11,"N592AS","EWR","SEA",322,2402,7,25,2013-03-04 07:00:00
"294",2013,3,4,1807,1815,-8,2112,2125,-13,"AS",7,"N403AS","EWR","SEA",326,2402,18,15,2013-03-04 18:00:00
"295",2013,3,5,722,725,-3,1015,1030,-15,"AS",11,"N581AS","EWR","SEA",335,2402,7,25,2013-03-05 07:00:00
"296",2013,3,5,1806,1815,-9,2121,2125,-4,"AS",7,"N403AS","EWR","SEA",343,2402,18,15,2013-03-05 18:00:00
"297",2013,3,6,718,725,-7,1009,1030,-21,"AS",11,"N531AS","EWR","SEA",334,2402,7,25,2013-03-06 07:00:00
"298",2013,3,6,2037,1815,142,2337,2125,132,"AS",7,"N508AS","EWR","SEA",332,2402,18,15,2013-03-06 18:00:00
"299",2013,3,7,714,725,-11,1047,1030,17,"AS",11,"N532AS","EWR","SEA",348,2402,7,25,2013-03-07 07:00:00
"300",2013,3,7,1830,1815,15,2141,2125,16,"AS",7,"N553AS","EWR","SEA",334,2402,18,15,2013-03-07 18:00:00
"301",2013,3,8,1012,725,167,1348,1030,198,"AS",11,"N587AS","EWR","SEA",336,2402,7,25,2013-03-08 07:00:00
"302",2013,3,8,2104,1815,169,2337,2125,132,"AS",7,"N309AS","EWR","SEA",310,2402,18,15,2013-03-08 18:00:00
"303",2013,3,9,719,725,-6,1021,1030,-9,"AS",11,"N535AS","EWR","SEA",334,2402,7,25,2013-03-09 07:00:00
"304",2013,3,9,1813,1815,-2,2114,2125,-11,"AS",7,"N556AS","EWR","SEA",328,2402,18,15,2013-03-09 18:00:00
"305",2013,3,10,727,725,2,1033,1030,3,"AS",21,"N532AS","EWR","SEA",331,2402,7,25,2013-03-10 07:00:00
"306",2013,3,10,1821,1820,1,2126,2135,-9,"AS",7,"N546AS","EWR","SEA",335,2402,18,20,2013-03-10 18:00:00
"307",2013,3,11,724,725,-1,1005,1030,-25,"AS",21,"N524AS","EWR","SEA",325,2402,7,25,2013-03-11 07:00:00
"308",2013,3,11,1811,1820,-9,2054,2135,-41,"AS",7,"N581AS","EWR","SEA",317,2402,18,20,2013-03-11 18:00:00
"309",2013,3,12,734,725,9,1019,1030,-11,"AS",21,"N407AS","EWR","SEA",326,2402,7,25,2013-03-12 07:00:00
"310",2013,3,12,1851,1820,31,2132,2135,-3,"AS",7,"N551AS","EWR","SEA",326,2402,18,20,2013-03-12 18:00:00
"311",2013,3,13,729,725,4,1031,1030,1,"AS",21,"N552AS","EWR","SEA",339,2402,7,25,2013-03-13 07:00:00
"312",2013,3,13,1814,1820,-6,2118,2135,-17,"AS",7,"N551AS","EWR","SEA",344,2402,18,20,2013-03-13 18:00:00
"313",2013,3,14,715,725,-10,1015,1030,-15,"AS",21,"N524AS","EWR","SEA",340,2402,7,25,2013-03-14 07:00:00
"314",2013,3,14,1814,1820,-6,2130,2135,-5,"AS",7,"N549AS","EWR","SEA",349,2402,18,20,2013-03-14 18:00:00
"315",2013,3,15,722,725,-3,1040,1030,10,"AS",21,"N548AS","EWR","SEA",361,2402,7,25,2013-03-15 07:00:00
"316",2013,3,15,1818,1820,-2,2144,2135,9,"AS",7,"N570AS","EWR","SEA",358,2402,18,20,2013-03-15 18:00:00
"317",2013,3,16,719,725,-6,1030,1030,0,"AS",21,"N409AS","EWR","SEA",344,2402,7,25,2013-03-16 07:00:00
"318",2013,3,16,1800,1820,-20,2128,2135,-7,"AS",7,"N552AS","EWR","SEA",352,2402,18,20,2013-03-16 18:00:00
"319",2013,3,17,721,725,-4,1038,1030,8,"AS",21,"N402AS","EWR","SEA",350,2402,7,25,2013-03-17 07:00:00
"320",2013,3,17,1819,1820,-1,2154,2135,19,"AS",7,"N553AS","EWR","SEA",351,2402,18,20,2013-03-17 18:00:00
"321",2013,3,18,720,725,-5,1013,1030,-17,"AS",21,"N551AS","EWR","SEA",335,2402,7,25,2013-03-18 07:00:00
"322",2013,3,18,1821,1820,1,2138,2135,3,"AS",7,"N548AS","EWR","SEA",320,2402,18,20,2013-03-18 18:00:00
"323",2013,3,19,722,725,-3,1012,1030,-18,"AS",21,"N408AS","EWR","SEA",313,2402,7,25,2013-03-19 07:00:00
"324",2013,3,19,1851,1820,31,2200,2135,25,"AS",7,"N559AS","EWR","SEA",329,2402,18,20,2013-03-19 18:00:00
"325",2013,3,20,722,725,-3,1020,1030,-10,"AS",21,"N318AS","EWR","SEA",333,2402,7,25,2013-03-20 07:00:00
"326",2013,3,20,1817,1820,-3,2104,2135,-31,"AS",7,"N552AS","EWR","SEA",316,2402,18,20,2013-03-20 18:00:00
"327",2013,3,21,725,725,0,949,1030,-41,"AS",21,"N553AS","EWR","SEA",304,2402,7,25,2013-03-21 07:00:00
"328",2013,3,21,1828,1820,8,2120,2135,-15,"AS",7,"N516AS","EWR","SEA",315,2402,18,20,2013-03-21 18:00:00
"329",2013,3,22,715,725,-10,952,1030,-38,"AS",21,"N552AS","EWR","SEA",317,2402,7,25,2013-03-22 07:00:00
"330",2013,3,22,1826,1820,6,2124,2135,-11,"AS",7,"N512AS","EWR","SEA",317,2402,18,20,2013-03-22 18:00:00
"331",2013,3,23,728,725,3,1001,1030,-29,"AS",21,"N407AS","EWR","SEA",310,2402,7,25,2013-03-23 07:00:00
"332",2013,3,23,1813,1820,-7,2109,2135,-26,"AS",7,"N563AS","EWR","SEA",321,2402,18,20,2013-03-23 18:00:00
"333",2013,3,24,718,725,-7,1011,1030,-19,"AS",21,"N552AS","EWR","SEA",321,2402,7,25,2013-03-24 07:00:00
"334",2013,3,24,1823,1820,3,2057,2135,-38,"AS",7,"N520AS","EWR","SEA",306,2402,18,20,2013-03-24 18:00:00
"335",2013,3,25,725,725,0,952,1030,-38,"AS",21,"N559AS","EWR","SEA",311,2402,7,25,2013-03-25 07:00:00
"336",2013,3,25,2053,1820,153,2322,2135,107,"AS",7,"N587AS","EWR","SEA",310,2402,18,20,2013-03-25 18:00:00
"337",2013,3,26,723,725,-2,953,1030,-37,"AS",21,"N402AS","EWR","SEA",315,2402,7,25,2013-03-26 07:00:00
"338",2013,3,26,1818,1820,-2,2054,2135,-41,"AS",7,"N587AS","EWR","SEA",313,2402,18,20,2013-03-26 18:00:00
"339",2013,3,27,719,725,-6,1000,1030,-30,"AS",21,"N546AS","EWR","SEA",324,2402,7,25,2013-03-27 07:00:00
"340",2013,3,27,1829,1820,9,2112,2135,-23,"AS",7,"N549AS","EWR","SEA",319,2402,18,20,2013-03-27 18:00:00
"341",2013,3,28,717,725,-8,1004,1030,-26,"AS",21,"N556AS","EWR","SEA",324,2402,7,25,2013-03-28 07:00:00
"342",2013,3,28,1813,1820,-7,2106,2135,-29,"AS",7,"N531AS","EWR","SEA",327,2402,18,20,2013-03-28 18:00:00
"343",2013,3,29,720,725,-5,1004,1030,-26,"AS",21,"N524AS","EWR","SEA",329,2402,7,25,2013-03-29 07:00:00
"344",2013,3,29,1809,1820,-11,2127,2135,-8,"AS",7,"N553AS","EWR","SEA",336,2402,18,20,2013-03-29 18:00:00
"345",2013,3,30,722,725,-3,1000,1030,-30,"AS",21,"N408AS","EWR","SEA",321,2402,7,25,2013-03-30 07:00:00
"346",2013,3,30,1833,1820,13,2113,2135,-22,"AS",7,"N549AS","EWR","SEA",326,2402,18,20,2013-03-30 18:00:00
"347",2013,3,31,715,725,-10,1009,1030,-21,"AS",21,"N553AS","EWR","SEA",336,2402,7,25,2013-03-31 07:00:00
"348",2013,3,31,1809,1820,-11,2056,2135,-39,"AS",7,"N556AS","EWR","SEA",320,2402,18,20,2013-03-31 18:00:00
"349",2013,4,1,722,725,-3,1008,1030,-22,"AS",21,"N403AS","EWR","SEA",326,2402,7,25,2013-04-01 07:00:00
"350",2013,4,1,1848,1820,28,2152,2135,17,"AS",7,"N566AS","EWR","SEA",320,2402,18,20,2013-04-01 18:00:00
"351",2013,4,2,719,725,-6,1007,1030,-23,"AS",21,"N527AS","EWR","SEA",328,2402,7,25,2013-04-02 07:00:00
"352",2013,4,2,1842,1820,22,2138,2135,3,"AS",7,"N551AS","EWR","SEA",339,2402,18,20,2013-04-02 18:00:00
"353",2013,4,3,716,725,-9,1020,1030,-10,"AS",21,"N553AS","EWR","SEA",342,2402,7,25,2013-04-03 07:00:00
"354",2013,4,3,1836,1820,16,2146,2135,11,"AS",7,"N525AS","EWR","SEA",334,2402,18,20,2013-04-03 18:00:00
"355",2013,4,4,746,725,21,1052,1030,22,"AS",21,"N526AS","EWR","SEA",346,2402,7,25,2013-04-04 07:00:00
"356",2013,4,4,1813,1820,-7,2146,2135,11,"AS",7,"N523AS","EWR","SEA",353,2402,18,20,2013-04-04 18:00:00
"357",2013,4,5,737,725,12,1041,1030,11,"AS",21,"N566AS","EWR","SEA",338,2402,7,25,2013-04-05 07:00:00
"358",2013,4,5,1813,1820,-7,2141,2135,6,"AS",7,"N402AS","EWR","SEA",342,2402,18,20,2013-04-05 18:00:00
"359",2013,4,6,717,725,-8,1016,1030,-14,"AS",21,"N403AS","EWR","SEA",329,2402,7,25,2013-04-06 07:00:00
"360",2013,4,6,1808,1820,-12,2048,2135,-47,"AS",7,"N549AS","EWR","SEA",320,2402,18,20,2013-04-06 18:00:00
"361",2013,4,7,741,725,16,1024,1015,9,"AS",21,"N408AS","EWR","SEA",321,2402,7,25,2013-04-07 07:00:00
"362",2013,4,7,1808,1820,-12,2057,2131,-34,"AS",7,"N549AS","EWR","SEA",317,2402,18,20,2013-04-07 18:00:00
"363",2013,4,8,729,725,4,957,1015,-18,"AS",21,"N403AS","EWR","SEA",313,2402,7,25,2013-04-08 07:00:00
"364",2013,4,8,1828,1820,8,2139,2131,8,"AS",7,"N525AS","EWR","SEA",339,2402,18,20,2013-04-08 18:00:00
"365",2013,4,9,723,725,-2,1005,1015,-10,"AS",21,"N413AS","EWR","SEA",326,2402,7,25,2013-04-09 07:00:00
"366",2013,4,9,1821,1820,1,2126,2131,-5,"AS",7,"N556AS","EWR","SEA",327,2402,18,20,2013-04-09 18:00:00
"367",2013,4,10,727,725,2,1013,1015,-2,"AS",21,"N408AS","EWR","SEA",324,2402,7,25,2013-04-10 07:00:00
"368",2013,4,10,1812,1820,-8,2147,2131,16,"AS",7,"N538AS","EWR","SEA",359,2402,18,20,2013-04-10 18:00:00
"369",2013,4,11,721,725,-4,1017,1015,2,"AS",21,"N402AS","EWR","SEA",324,2402,7,25,2013-04-11 07:00:00
"370",2013,4,11,2108,1820,168,2350,2131,139,"AS",7,"N586AS","EWR","SEA",317,2402,18,20,2013-04-11 18:00:00
"371",2013,4,12,727,725,2,957,1015,-18,"AS",21,"N413AS","EWR","SEA",305,2402,7,25,2013-04-12 07:00:00
"372",2013,4,12,2133,1820,193,3,2131,152,"AS",7,"N552AS","EWR","SEA",312,2402,18,20,2013-04-12 18:00:00
"373",2013,4,13,724,725,-1,957,1015,-18,"AS",21,"N408AS","EWR","SEA",319,2402,7,25,2013-04-13 07:00:00
"374",2013,4,13,1807,1820,-13,2036,2131,-55,"AS",7,"N546AS","EWR","SEA",308,2402,18,20,2013-04-13 18:00:00
"375",2013,4,14,721,725,-4,1008,1015,-7,"AS",21,"N419AS","EWR","SEA",323,2402,7,25,2013-04-14 07:00:00
"376",2013,4,14,1814,1820,-6,2055,2131,-36,"AS",7,"N526AS","EWR","SEA",317,2402,18,20,2013-04-14 18:00:00
"377",2013,4,15,718,725,-7,958,1015,-17,"AS",21,"N403AS","EWR","SEA",320,2402,7,25,2013-04-15 07:00:00
"378",2013,4,15,1809,1820,-11,2103,2131,-28,"AS",7,"N552AS","EWR","SEA",320,2402,18,20,2013-04-15 18:00:00
"379",2013,4,16,717,725,-8,944,1015,-31,"AS",21,"N408AS","EWR","SEA",311,2402,7,25,2013-04-16 07:00:00
"380",2013,4,16,1819,1820,-1,2107,2131,-24,"AS",7,"N548AS","EWR","SEA",328,2402,18,20,2013-04-16 18:00:00
"381",2013,4,17,720,725,-5,1008,1015,-7,"AS",21,"N409AS","EWR","SEA",319,2402,7,25,2013-04-17 07:00:00
"382",2013,4,17,1854,1820,34,2129,2131,-2,"AS",7,"N419AS","EWR","SEA",317,2402,18,20,2013-04-17 18:00:00
"383",2013,4,18,834,725,69,1141,1015,86,"AS",21,"N402AS","EWR","SEA",343,2402,7,25,2013-04-18 07:00:00
"384",2013,4,18,1817,1820,-3,2142,2131,11,"AS",7,"N519AS","EWR","SEA",337,2402,18,20,2013-04-18 18:00:00
"385",2013,4,19,724,725,-1,958,1015,-17,"AS",21,"N407AS","EWR","SEA",311,2402,7,25,2013-04-19 07:00:00
"386",2013,4,19,2041,1820,141,2326,2131,115,"AS",7,"N520AS","EWR","SEA",323,2402,18,20,2013-04-19 18:00:00
"387",2013,4,20,724,725,-1,959,1015,-16,"AS",21,"N403AS","EWR","SEA",318,2402,7,25,2013-04-20 07:00:00
"388",2013,4,20,1809,1820,-11,2103,2131,-28,"AS",7,"N546AS","EWR","SEA",334,2402,18,20,2013-04-20 18:00:00
"389",2013,4,21,716,725,-9,1016,1015,1,"AS",21,"N409AS","EWR","SEA",334,2402,7,25,2013-04-21 07:00:00
"390",2013,4,21,1813,1820,-7,2107,2131,-24,"AS",7,"N513AS","EWR","SEA",327,2402,18,20,2013-04-21 18:00:00
"391",2013,4,22,717,725,-8,1028,1015,13,"AS",21,"N402AS","EWR","SEA",350,2402,7,25,2013-04-22 07:00:00
"392",2013,4,22,1824,1820,4,2122,2131,-9,"AS",7,"N419AS","EWR","SEA",325,2402,18,20,2013-04-22 18:00:00
"393",2013,4,23,716,725,-9,1003,1015,-12,"AS",21,"N525AS","EWR","SEA",324,2402,7,25,2013-04-23 07:00:00
"394",2013,4,23,2104,1820,164,12,2131,161,"AS",7,"N409AS","EWR","SEA",318,2402,18,20,2013-04-23 18:00:00
"395",2013,4,24,718,725,-7,1004,1015,-11,"AS",21,"N556AS","EWR","SEA",323,2402,7,25,2013-04-24 07:00:00
"396",2013,4,24,1821,1820,1,2138,2131,7,"AS",7,"N413AS","EWR","SEA",336,2402,18,20,2013-04-24 18:00:00
"397",2013,4,25,714,725,-11,1004,1015,-11,"AS",21,"N407AS","EWR","SEA",326,2402,7,25,2013-04-25 07:00:00
"398",2013,4,25,1841,1820,21,2120,2131,-11,"AS",7,"N409AS","EWR","SEA",321,2402,18,20,2013-04-25 18:00:00
"399",2013,4,26,721,725,-4,1054,1015,39,"AS",21,"N419AS","EWR","SEA",320,2402,7,25,2013-04-26 07:00:00
"400",2013,4,26,1815,1820,-5,2143,2131,12,"AS",7,"N409AS","EWR","SEA",342,2402,18,20,2013-04-26 18:00:00
"401",2013,4,27,725,725,0,1007,1015,-8,"AS",21,"N413AS","EWR","SEA",326,2402,7,25,2013-04-27 07:00:00
"402",2013,4,27,1811,1820,-9,2122,2131,-9,"AS",7,"N556AS","EWR","SEA",341,2402,18,20,2013-04-27 18:00:00
"403",2013,4,28,723,725,-2,956,1015,-19,"AS",21,"N409AS","EWR","SEA",318,2402,7,25,2013-04-28 07:00:00
"404",2013,4,28,1804,1820,-16,2131,2131,0,"AS",7,"N551AS","EWR","SEA",338,2402,18,20,2013-04-28 18:00:00
"405",2013,4,29,728,725,3,1024,1015,9,"AS",21,"N402AS","EWR","SEA",336,2402,7,25,2013-04-29 07:00:00
"406",2013,4,29,1817,1820,-3,2127,2131,-4,"AS",7,"N524AS","EWR","SEA",332,2402,18,20,2013-04-29 18:00:00
"407",2013,4,30,722,725,-3,949,1015,-26,"AS",21,"N409AS","EWR","SEA",314,2402,7,25,2013-04-30 07:00:00
"408",2013,4,30,1812,1820,-8,2113,2131,-18,"AS",7,"N524AS","EWR","SEA",327,2402,18,20,2013-04-30 18:00:00
"409",2013,5,1,721,725,-4,948,1015,-27,"AS",21,"N413AS","EWR","SEA",312,2402,7,25,2013-05-01 07:00:00
"410",2013,5,1,1810,1820,-10,2050,2131,-41,"AS",7,"N546AS","EWR","SEA",306,2402,18,20,2013-05-01 18:00:00
"411",2013,5,2,720,725,-5,959,1015,-16,"AS",21,"N409AS","EWR","SEA",311,2402,7,25,2013-05-02 07:00:00
"412",2013,5,2,1815,1820,-5,2057,2131,-34,"AS",7,"N546AS","EWR","SEA",308,2402,18,20,2013-05-02 18:00:00
"413",2013,5,3,721,725,-4,938,1015,-37,"AS",21,"N403AS","EWR","SEA",299,2402,7,25,2013-05-03 07:00:00
"414",2013,5,3,1813,1820,-7,2056,2131,-35,"AS",7,"N525AS","EWR","SEA",300,2402,18,20,2013-05-03 18:00:00
"415",2013,5,4,721,725,-4,924,1015,-51,"AS",21,"N315AS","EWR","SEA",289,2402,7,25,2013-05-04 07:00:00
"416",2013,5,4,1816,1820,-4,2017,2131,-74,"AS",7,"N551AS","EWR","SEA",281,2402,18,20,2013-05-04 18:00:00
"417",2013,5,5,721,725,-4,914,1015,-61,"AS",21,"N307AS","EWR","SEA",277,2402,7,25,2013-05-05 07:00:00
"418",2013,5,5,1834,1820,14,2106,2133,-27,"AS",7,"N551AS","EWR","SEA",290,2402,18,20,2013-05-05 18:00:00
"419",2013,5,6,726,725,1,1022,1015,NA,"AS",21,"N407AS","EWR","SEA",NA,2402,7,25,2013-05-06 07:00:00
"420",2013,5,6,1849,1820,29,2119,2133,-14,"AS",7,"N526AS","EWR","SEA",283,2402,18,20,2013-05-06 18:00:00
"421",2013,5,7,716,725,-9,922,1015,-53,"AS",21,"N506AS","EWR","SEA",287,2402,7,25,2013-05-07 07:00:00
"422",2013,5,7,1831,1820,11,2059,2133,-34,"AS",7,"N570AS","EWR","SEA",289,2402,18,20,2013-05-07 18:00:00
"423",2013,5,8,720,725,-5,939,1015,-36,"AS",21,"N537AS","EWR","SEA",294,2402,7,25,2013-05-08 07:00:00
"424",2013,5,8,1951,1820,91,2313,2133,100,"AS",7,"N529AS","EWR","SEA",307,2402,18,20,2013-05-08 18:00:00
"425",2013,5,9,717,725,-8,945,1015,-30,"AS",21,"N531AS","EWR","SEA",310,2402,7,25,2013-05-09 07:00:00
"426",2013,5,9,1902,1820,42,2212,2133,39,"AS",7,"N552AS","EWR","SEA",318,2402,18,20,2013-05-09 18:00:00
"427",2013,5,10,711,725,-14,949,1015,-26,"AS",21,"N556AS","EWR","SEA",320,2402,7,25,2013-05-10 07:00:00
"428",2013,5,10,1818,1820,-2,2114,2133,-19,"AS",7,"N520AS","EWR","SEA",333,2402,18,20,2013-05-10 18:00:00
"429",2013,5,11,723,725,-2,949,1015,-26,"AS",21,"N533AS","EWR","SEA",313,2402,7,25,2013-05-11 07:00:00
"430",2013,5,11,1822,1820,2,2115,2133,-18,"AS",7,"N513AS","EWR","SEA",327,2402,18,20,2013-05-11 18:00:00
"431",2013,5,12,722,725,-3,957,1015,-18,"AS",21,"N553AS","EWR","SEA",315,2402,7,25,2013-05-12 07:00:00
"432",2013,5,12,1813,1820,-7,2105,2133,-28,"AS",7,"N570AS","EWR","SEA",327,2402,18,20,2013-05-12 18:00:00
"433",2013,5,13,720,725,-5,1019,1015,4,"AS",21,"N548AS","EWR","SEA",334,2402,7,25,2013-05-13 07:00:00
"434",2013,5,13,1827,1820,7,2200,2133,27,"AS",7,"N552AS","EWR","SEA",337,2402,18,20,2013-05-13 18:00:00
"435",2013,5,14,719,725,-6,1022,1015,7,"AS",21,"N587AS","EWR","SEA",341,2402,7,25,2013-05-14 07:00:00
"436",2013,5,14,1808,1820,-12,2125,2133,-8,"AS",7,"N551AS","EWR","SEA",339,2402,18,20,2013-05-14 18:00:00
"437",2013,5,15,726,725,1,1045,1015,30,"AS",21,"N548AS","EWR","SEA",332,2402,7,25,2013-05-15 07:00:00
"438",2013,5,15,1926,1820,66,2228,2133,55,"AS",7,"N508AS","EWR","SEA",328,2402,18,20,2013-05-15 18:00:00
"439",2013,5,16,718,725,-7,1006,1015,-9,"AS",21,"N549AS","EWR","SEA",329,2402,7,25,2013-05-16 07:00:00
"440",2013,5,16,1835,1820,15,2207,2133,34,"AS",7,"N551AS","EWR","SEA",343,2402,18,20,2013-05-16 18:00:00
"441",2013,5,17,717,725,-8,1006,1015,-9,"AS",21,"N423AS","EWR","SEA",323,2402,7,25,2013-05-17 07:00:00
"442",2013,5,17,1815,1820,-5,2137,2133,4,"AS",7,"N558AS","EWR","SEA",321,2402,18,20,2013-05-17 18:00:00
"443",2013,5,18,722,725,-3,1017,1015,2,"AS",21,"N549AS","EWR","SEA",332,2402,7,25,2013-05-18 07:00:00
"444",2013,5,18,1815,1820,-5,2049,2133,-44,"AS",7,"N512AS","EWR","SEA",306,2402,18,20,2013-05-18 18:00:00
"445",2013,5,19,717,725,-8,957,1015,-18,"AS",21,"N559AS","EWR","SEA",317,2402,7,25,2013-05-19 07:00:00
"446",2013,5,19,1916,1820,56,2215,2133,42,"AS",7,"N563AS","EWR","SEA",314,2402,18,20,2013-05-19 18:00:00
"447",2013,5,20,714,725,-11,957,1015,-18,"AS",21,"N551AS","EWR","SEA",305,2402,7,25,2013-05-20 07:00:00
"448",2013,5,20,1828,1820,8,2153,2133,20,"AS",7,"N516AS","EWR","SEA",327,2402,18,20,2013-05-20 18:00:00
"449",2013,5,21,725,725,0,1000,1015,-15,"AS",21,"N587AS","EWR","SEA",308,2402,7,25,2013-05-21 07:00:00
"450",2013,5,21,1856,1820,36,2144,2133,11,"AS",7,"N566AS","EWR","SEA",309,2402,18,20,2013-05-21 18:00:00
"451",2013,5,22,724,725,-1,1135,1015,NA,"AS",21,"N592AS","EWR","SEA",NA,2402,7,25,2013-05-22 07:00:00
"452",2013,5,22,1827,1820,7,2113,2133,-20,"AS",7,"N529AS","EWR","SEA",302,2402,18,20,2013-05-22 18:00:00
"453",2013,5,23,723,725,-2,937,1015,-38,"AS",21,"N549AS","EWR","SEA",295,2402,7,25,2013-05-23 07:00:00
"454",2013,5,23,2205,1820,225,41,2133,188,"AS",7,"N516AS","EWR","SEA",317,2402,18,20,2013-05-23 18:00:00
"455",2013,5,24,714,725,-11,938,1015,-37,"AS",21,"N584AS","EWR","SEA",307,2402,7,25,2013-05-24 07:00:00
"456",2013,5,24,1915,1820,55,2205,2133,32,"AS",7,"N563AS","EWR","SEA",322,2402,18,20,2013-05-24 18:00:00
"457",2013,5,25,724,725,-1,1216,1015,NA,"AS",21,"N516AS","EWR","SEA",NA,2402,7,25,2013-05-25 07:00:00
"458",2013,5,25,1807,1820,-13,2105,2133,-28,"AS",7,"N530AS","EWR","SEA",331,2402,18,20,2013-05-25 18:00:00
"459",2013,5,26,719,725,-6,954,1015,-21,"AS",21,"N551AS","EWR","SEA",318,2402,7,25,2013-05-26 07:00:00
"460",2013,5,26,1811,1820,-9,2100,2133,-33,"AS",7,"N548AS","EWR","SEA",319,2402,18,20,2013-05-26 18:00:00
"461",2013,5,27,717,725,-8,951,1015,-24,"AS",21,"N513AS","EWR","SEA",319,2402,7,25,2013-05-27 07:00:00
"462",2013,5,27,1816,1820,-4,2102,2133,-31,"AS",7,"N551AS","EWR","SEA",314,2402,18,20,2013-05-27 18:00:00
"463",2013,5,28,723,725,-2,1006,1015,-9,"AS",21,"N553AS","EWR","SEA",316,2402,7,25,2013-05-28 07:00:00
"464",2013,5,28,1810,1820,-10,2115,2133,-18,"AS",7,"N548AS","EWR","SEA",320,2402,18,20,2013-05-28 18:00:00
"465",2013,5,29,726,725,1,1009,1015,-6,"AS",21,"N549AS","EWR","SEA",307,2402,7,25,2013-05-29 07:00:00
"466",2013,5,29,1814,1820,-6,2121,2133,-12,"AS",7,"N512AS","EWR","SEA",319,2402,18,20,2013-05-29 18:00:00
"467",2013,5,30,718,725,-7,930,1015,-45,"AS",21,"N518AS","EWR","SEA",291,2402,7,25,2013-05-30 07:00:00
"468",2013,5,30,1827,1820,7,2105,2133,-28,"AS",7,"N526AS","EWR","SEA",294,2402,18,20,2013-05-30 18:00:00
"469",2013,5,31,719,725,-6,932,1015,-43,"AS",21,"N581AS","EWR","SEA",295,2402,7,25,2013-05-31 07:00:00
"470",2013,5,31,1819,1820,-1,2120,2133,-13,"AS",7,"N549AS","EWR","SEA",337,2402,18,20,2013-05-31 18:00:00
"471",2013,6,1,720,725,-5,944,1015,-31,"AS",21,"N590AS","EWR","SEA",312,2402,7,25,2013-06-01 07:00:00
"472",2013,6,1,1805,1820,-15,2149,2133,16,"AS",7,"N548AS","EWR","SEA",357,2402,18,20,2013-06-01 18:00:00
"473",2013,6,2,716,725,-9,1001,1015,-14,"AS",21,"N508AS","EWR","SEA",329,2402,7,25,2013-06-02 07:00:00
"474",2013,6,2,2145,1820,205,23,2133,170,"AS",7,"N408AS","EWR","SEA",324,2402,18,20,2013-06-02 18:00:00
"475",2013,6,3,723,725,-2,1027,1015,12,"AS",21,"N566AS","EWR","SEA",331,2402,7,25,2013-06-03 07:00:00
"476",2013,6,3,1816,1820,-4,2126,2133,-7,"AS",7,"N558AS","EWR","SEA",325,2402,18,20,2013-06-03 18:00:00
"477",2013,6,4,725,725,0,1009,1015,-6,"AS",21,"N508AS","EWR","SEA",322,2402,7,25,2013-06-04 07:00:00
"478",2013,6,4,1819,1820,-1,2102,2133,-31,"AS",7,"N549AS","EWR","SEA",320,2402,18,20,2013-06-04 18:00:00
"479",2013,6,5,718,725,-7,1006,1015,-9,"AS",21,"N566AS","EWR","SEA",332,2402,7,25,2013-06-05 07:00:00
"480",2013,6,5,1817,1820,-3,2117,2133,-16,"AS",7,"N546AS","EWR","SEA",323,2402,18,20,2013-06-05 18:00:00
"481",2013,6,6,720,725,-5,957,1015,-18,"AS",21,"N553AS","EWR","SEA",322,2402,7,25,2013-06-06 07:00:00
"482",2013,6,6,1809,1820,-11,2100,2133,-33,"AS",7,"N596AS","EWR","SEA",320,2402,18,20,2013-06-06 18:00:00
"483",2013,6,7,728,725,3,1017,1015,2,"AS",21,"N548AS","EWR","SEA",331,2402,7,25,2013-06-07 07:00:00
"484",2013,6,7,2000,1820,100,2308,2133,95,"AS",7,"N551AS","EWR","SEA",326,2402,18,20,2013-06-07 18:00:00
"485",2013,6,8,727,725,2,1004,1015,-11,"AS",21,"N559AS","EWR","SEA",315,2402,7,25,2013-06-08 07:00:00
"486",2013,6,8,1809,1820,-11,2102,2133,-31,"AS",7,"N403AS","EWR","SEA",334,2402,18,20,2013-06-08 18:00:00
"487",2013,6,9,713,720,-7,957,1022,-25,"AS",15,"N553AS","EWR","SEA",327,2402,7,20,2013-06-09 07:00:00
"488",2013,6,9,1814,1825,-11,2118,2145,-27,"AS",7,"N419AS","EWR","SEA",332,2402,18,25,2013-06-09 18:00:00
"489",2013,6,10,714,720,-6,958,1022,-24,"AS",15,"N534AS","EWR","SEA",324,2402,7,20,2013-06-10 07:00:00
"490",2013,6,10,1923,1825,58,2229,2145,44,"AS",7,"N548AS","EWR","SEA",333,2402,18,25,2013-06-10 18:00:00
"491",2013,6,11,706,720,-14,941,1022,-41,"AS",15,"N535AS","EWR","SEA",311,2402,7,20,2013-06-11 07:00:00
"492",2013,6,11,1819,1825,-6,2145,2145,0,"AS",7,"N594AS","EWR","SEA",356,2402,18,25,2013-06-11 18:00:00
"493",2013,6,12,714,720,-6,1004,1022,-18,"AS",15,"N526AS","EWR","SEA",331,2402,7,20,2013-06-12 07:00:00
"494",2013,6,12,1823,1825,-2,2140,2145,-5,"AS",7,"N419AS","EWR","SEA",339,2402,18,25,2013-06-12 18:00:00
"495",2013,6,13,722,720,2,1020,1022,-2,"AS",15,"N530AS","EWR","SEA",321,2402,7,20,2013-06-13 07:00:00
"496",2013,6,13,2106,1825,161,2355,2145,130,"AS",7,"N419AS","EWR","SEA",325,2402,18,25,2013-06-13 18:00:00
"497",2013,6,14,716,720,-4,953,1022,-29,"AS",15,"N596AS","EWR","SEA",320,2402,7,20,2013-06-14 07:00:00
"498",2013,6,14,1828,1825,3,2141,2145,-4,"AS",7,"N402AS","EWR","SEA",335,2402,18,25,2013-06-14 18:00:00
"499",2013,6,15,715,720,-5,1011,1022,-11,"AS",15,"N552AS","EWR","SEA",332,2402,7,20,2013-06-15 07:00:00
"500",2013,6,15,1823,1825,-2,2132,2145,-13,"AS",7,"N407AS","EWR","SEA",345,2402,18,25,2013-06-15 18:00:00
"501",2013,6,16,710,720,-10,945,1022,-37,"AS",15,"N556AS","EWR","SEA",317,2402,7,20,2013-06-16 07:00:00
"502",2013,6,16,1829,1825,4,2202,2145,17,"AS",7,"N552AS","EWR","SEA",342,2402,18,25,2013-06-16 18:00:00
"503",2013,6,17,710,720,-10,955,1022,-27,"AS",15,"N520AS","EWR","SEA",324,2402,7,20,2013-06-17 07:00:00
"504",2013,6,17,1825,1825,0,2112,2145,-33,"AS",7,"N403AS","EWR","SEA",324,2402,18,25,2013-06-17 18:00:00
"505",2013,6,18,715,720,-5,946,1022,-36,"AS",15,"N564AS","EWR","SEA",316,2402,7,20,2013-06-18 07:00:00
"506",2013,6,18,2009,1825,104,2237,2145,52,"AS",7,"N413AS","EWR","SEA",313,2402,18,25,2013-06-18 18:00:00
"507",2013,6,19,714,720,-6,933,1022,-49,"AS",15,"N566AS","EWR","SEA",305,2402,7,20,2013-06-19 07:00:00
"508",2013,6,19,1827,1825,2,2126,2145,-19,"AS",7,"N551AS","EWR","SEA",312,2402,18,25,2013-06-19 18:00:00
"509",2013,6,20,716,720,-4,942,1022,-40,"AS",15,"N546AS","EWR","SEA",303,2402,7,20,2013-06-20 07:00:00
"510",2013,6,20,1819,1825,-6,2124,2145,-21,"AS",7,"N533AS","EWR","SEA",313,2402,18,25,2013-06-20 18:00:00
"511",2013,6,21,739,720,19,1028,1022,6,"AS",15,"N548AS","EWR","SEA",304,2402,7,20,2013-06-21 07:00:00
"512",2013,6,21,1824,1825,-1,2107,2145,-38,"AS",7,"N403AS","EWR","SEA",312,2402,18,25,2013-06-21 18:00:00
"513",2013,6,22,713,720,-7,957,1022,-25,"AS",15,"N528AS","EWR","SEA",320,2402,7,20,2013-06-22 07:00:00
"514",2013,6,22,1833,1825,8,2123,2145,-22,"AS",7,"N564AS","EWR","SEA",312,2402,18,25,2013-06-22 18:00:00
"515",2013,6,23,718,720,-2,941,1022,-41,"AS",15,"N423AS","EWR","SEA",304,2402,7,20,2013-06-23 07:00:00
"516",2013,6,23,1811,1825,-14,2109,2145,-36,"AS",7,"N549AS","EWR","SEA",311,2402,18,25,2013-06-23 18:00:00
"517",2013,6,24,717,720,-3,947,1022,-35,"AS",15,"N564AS","EWR","SEA",313,2402,7,20,2013-06-24 07:00:00
"518",2013,6,24,1832,1825,7,2148,2145,3,"AS",7,"N419AS","EWR","SEA",322,2402,18,25,2013-06-24 18:00:00
"519",2013,6,25,718,720,-2,940,1022,-42,"AS",15,"N563AS","EWR","SEA",308,2402,7,20,2013-06-25 07:00:00
"520",2013,6,25,1840,1825,15,2157,2145,12,"AS",7,"N319AS","EWR","SEA",349,2402,18,25,2013-06-25 18:00:00
"521",2013,6,26,716,720,-4,1011,1022,-11,"AS",15,"N581AS","EWR","SEA",329,2402,7,20,2013-06-26 07:00:00
"522",2013,6,26,1910,1825,45,2213,2145,28,"AS",7,"N513AS","EWR","SEA",332,2402,18,25,2013-06-26 18:00:00
"523",2013,6,27,814,720,54,1112,1022,50,"AS",15,"N506AS","EWR","SEA",337,2402,7,20,2013-06-27 07:00:00
"524",2013,6,27,1948,1825,83,2319,2145,94,"AS",7,"N553AS","EWR","SEA",343,2402,18,25,2013-06-27 18:00:00
"525",2013,6,28,711,720,-9,1005,1022,-17,"AS",15,"N528AS","EWR","SEA",329,2402,7,20,2013-06-28 07:00:00
"526",2013,6,28,2032,1825,127,2346,2145,121,"AS",7,"N525AS","EWR","SEA",342,2402,18,25,2013-06-28 18:00:00
"527",2013,6,29,717,720,-3,941,1022,-41,"AS",15,"N546AS","EWR","SEA",309,2402,7,20,2013-06-29 07:00:00
"528",2013,6,29,1817,1825,-8,2052,2145,-53,"AS",7,"N407AS","EWR","SEA",306,2402,18,25,2013-06-29 18:00:00
"529",2013,6,30,731,720,11,1009,1022,-13,"AS",15,"N524AS","EWR","SEA",318,2402,7,20,2013-06-30 07:00:00
"530",2013,6,30,1827,1825,2,2110,2145,-35,"AS",7,"N587AS","EWR","SEA",320,2402,18,25,2013-06-30 18:00:00
"531",2013,7,1,720,720,0,946,1022,-36,"AS",15,"N533AS","EWR","SEA",306,2402,7,20,2013-07-01 07:00:00
"532",2013,7,1,1939,1825,74,2204,2145,19,"AS",7,"N419AS","EWR","SEA",302,2402,18,25,2013-07-01 18:00:00
"533",2013,7,2,715,720,-5,942,1022,-40,"AS",15,"N549AS","EWR","SEA",301,2402,7,20,2013-07-02 07:00:00
"534",2013,7,2,1820,1825,-5,2104,2145,-41,"AS",7,"N423AS","EWR","SEA",311,2402,18,25,2013-07-02 18:00:00
"535",2013,7,3,711,720,-9,938,1022,-44,"AS",15,"N506AS","EWR","SEA",303,2402,7,20,2013-07-03 07:00:00
"536",2013,7,3,1823,1825,-2,2104,2145,-41,"AS",7,"N423AS","EWR","SEA",313,2402,18,25,2013-07-03 18:00:00
"537",2013,7,4,713,720,-7,941,1022,-41,"AS",15,"N532AS","EWR","SEA",309,2402,7,20,2013-07-04 07:00:00
"538",2013,7,4,1843,1825,18,2126,2145,-19,"AS",7,"N408AS","EWR","SEA",313,2402,18,25,2013-07-04 18:00:00
"539",2013,7,5,721,720,1,948,1022,-34,"AS",15,"N533AS","EWR","SEA",307,2402,7,20,2013-07-05 07:00:00
"540",2013,7,5,1816,1825,-9,2109,2145,-36,"AS",7,"N548AS","EWR","SEA",319,2402,18,25,2013-07-05 18:00:00
"541",2013,7,6,711,720,-9,940,1022,-42,"AS",15,"N558AS","EWR","SEA",311,2402,7,20,2013-07-06 07:00:00
"542",2013,7,6,1812,1825,-13,2052,2145,-53,"AS",7,"N423AS","EWR","SEA",313,2402,18,25,2013-07-06 18:00:00
"543",2013,7,7,718,720,-2,944,1022,-38,"AS",15,"N408AS","EWR","SEA",310,2402,7,20,2013-07-07 07:00:00
"544",2013,7,7,1831,1825,6,2227,2145,42,"AS",7,"N403AS","EWR","SEA",336,2402,18,25,2013-07-07 18:00:00
"545",2013,7,8,712,720,-8,1009,1022,-13,"AS",15,"N587AS","EWR","SEA",329,2402,7,20,2013-07-08 07:00:00
"546",2013,7,8,1958,1825,93,2316,2145,91,"AS",7,"N323AS","EWR","SEA",323,2402,18,25,2013-07-08 18:00:00
"547",2013,7,9,716,720,-4,949,1022,-33,"AS",15,"N523AS","EWR","SEA",316,2402,7,20,2013-07-09 07:00:00
"548",2013,7,9,1837,1825,12,2148,2145,3,"AS",7,"N402AS","EWR","SEA",318,2402,18,25,2013-07-09 18:00:00
"549",2013,7,10,717,720,-3,951,1022,-31,"AS",15,"N514AS","EWR","SEA",317,2402,7,20,2013-07-10 07:00:00
"550",2013,7,10,1827,1825,2,2206,2145,21,"AS",7,"N408AS","EWR","SEA",372,2402,18,25,2013-07-10 18:00:00
"551",2013,7,11,716,720,-4,1011,1022,-11,"AS",15,"N551AS","EWR","SEA",332,2402,7,20,2013-07-11 07:00:00
"552",2013,7,11,1827,1825,2,2123,2145,-22,"AS",7,"N423AS","EWR","SEA",319,2402,18,25,2013-07-11 18:00:00
"553",2013,7,12,715,720,-5,957,1022,-25,"AS",15,"N523AS","EWR","SEA",322,2402,7,20,2013-07-12 07:00:00
"554",2013,7,12,1819,1825,-6,2115,2145,-30,"AS",7,"N407AS","EWR","SEA",307,2402,18,25,2013-07-12 18:00:00
"555",2013,7,13,713,720,-7,941,1022,-41,"AS",15,"N512AS","EWR","SEA",311,2402,7,20,2013-07-13 07:00:00
"556",2013,7,13,1835,1825,10,2117,2145,-28,"AS",7,"N419AS","EWR","SEA",316,2402,18,25,2013-07-13 18:00:00
"557",2013,7,14,725,720,5,1013,1025,-12,"AS",15,"N556AS","EWR","SEA",323,2402,7,20,2013-07-14 07:00:00
"558",2013,7,14,1813,1825,-12,2046,2147,-61,"AS",7,"N402AS","EWR","SEA",314,2402,18,25,2013-07-14 18:00:00
"559",2013,7,15,713,720,-7,952,1025,-33,"AS",15,"N587AS","EWR","SEA",315,2402,7,20,2013-07-15 07:00:00
"560",2013,7,15,1817,1825,-8,2059,2147,-48,"AS",7,"N551AS","EWR","SEA",312,2402,18,25,2013-07-15 18:00:00
"561",2013,7,16,717,720,-3,945,1025,-40,"AS",15,"N553AS","EWR","SEA",309,2402,7,20,2013-07-16 07:00:00
"562",2013,7,16,1831,1825,6,2136,2147,-11,"AS",7,"N419AS","EWR","SEA",302,2402,18,25,2013-07-16 18:00:00
"563",2013,7,17,721,720,1,959,1025,-26,"AS",15,"N579AS","EWR","SEA",312,2402,7,20,2013-07-17 07:00:00
"564",2013,7,17,1853,1825,28,2201,2147,14,"AS",7,"N403AS","EWR","SEA",319,2402,18,25,2013-07-17 18:00:00
"565",2013,7,18,715,720,-5,946,1025,-39,"AS",15,"N586AS","EWR","SEA",314,2402,7,20,2013-07-18 07:00:00
"566",2013,7,18,1828,1825,3,2132,2147,-15,"AS",7,"N305AS","EWR","SEA",319,2402,18,25,2013-07-18 18:00:00
"567",2013,7,19,724,720,4,1007,1025,-18,"AS",15,"N413AS","EWR","SEA",321,2402,7,20,2013-07-19 07:00:00
"568",2013,7,19,1814,1825,-11,2143,2147,-4,"AS",7,"N320AS","EWR","SEA",333,2402,18,25,2013-07-19 18:00:00
"569",2013,7,20,716,720,-4,1035,1025,10,"AS",15,"N596AS","EWR","SEA",353,2402,7,20,2013-07-20 07:00:00
"570",2013,7,20,1817,1825,-8,2214,2147,27,"AS",7,"N527AS","EWR","SEA",328,2402,18,25,2013-07-20 18:00:00
"571",2013,7,21,721,720,1,1008,1025,-17,"AS",15,"N565AS","EWR","SEA",327,2402,7,20,2013-07-21 07:00:00
"572",2013,7,21,1817,1825,-8,2130,2147,-17,"AS",7,"N409AS","EWR","SEA",328,2402,18,25,2013-07-21 18:00:00
"573",2013,7,22,715,720,-5,1002,1025,-23,"AS",15,"N528AS","EWR","SEA",325,2402,7,20,2013-07-22 07:00:00
"574",2013,7,22,1844,1825,19,2256,2147,69,"AS",7,"N408AS","EWR","SEA",338,2402,18,25,2013-07-22 18:00:00
"575",2013,7,23,725,720,5,1014,1025,-11,"AS",15,"N559AS","EWR","SEA",326,2402,7,20,2013-07-23 07:00:00
"576",2013,7,23,1939,1825,74,2236,2147,49,"AS",7,"N423AS","EWR","SEA",324,2402,18,25,2013-07-23 18:00:00
"577",2013,7,24,717,720,-3,1009,1025,-16,"AS",15,"N597AS","EWR","SEA",331,2402,7,20,2013-07-24 07:00:00
"578",2013,7,24,1832,1825,7,2143,2147,-4,"AS",7,"N403AS","EWR","SEA",326,2402,18,25,2013-07-24 18:00:00
"579",2013,7,25,711,720,-9,957,1025,-28,"AS",15,"N532AS","EWR","SEA",325,2402,7,20,2013-07-25 07:00:00
"580",2013,7,25,1815,1825,-10,2116,2147,-31,"AS",7,"N407AS","EWR","SEA",333,2402,18,25,2013-07-25 18:00:00
"581",2013,7,26,721,720,1,1004,1025,-21,"AS",15,"N556AS","EWR","SEA",322,2402,7,20,2013-07-26 07:00:00
"582",2013,7,26,1822,1825,-3,2140,2147,-7,"AS",7,"N419AS","EWR","SEA",342,2402,18,25,2013-07-26 18:00:00
"583",2013,7,27,716,720,-4,1003,1025,-22,"AS",15,"N553AS","EWR","SEA",317,2402,7,20,2013-07-27 07:00:00
"584",2013,7,27,1813,1825,-12,2102,2147,-45,"AS",7,"N525AS","EWR","SEA",325,2402,18,25,2013-07-27 18:00:00
"585",2013,7,28,715,720,-5,952,1025,-33,"AS",15,"N546AS","EWR","SEA",308,2402,7,20,2013-07-28 07:00:00
"586",2013,7,28,1827,1825,2,2216,2147,29,"AS",7,"N403AS","EWR","SEA",315,2402,18,25,2013-07-28 18:00:00
"587",2013,7,29,733,720,13,1030,1025,5,"AS",15,"N551AS","EWR","SEA",335,2402,7,20,2013-07-29 07:00:00
"588",2013,7,29,1814,1825,-11,2125,2147,-22,"AS",7,"N506AS","EWR","SEA",339,2402,18,25,2013-07-29 18:00:00
"589",2013,7,30,713,720,-7,1007,1025,-18,"AS",15,"N527AS","EWR","SEA",340,2402,7,20,2013-07-30 07:00:00
"590",2013,7,30,1818,1825,-7,2126,2147,-21,"AS",7,"N423AS","EWR","SEA",338,2402,18,25,2013-07-30 18:00:00
"591",2013,7,31,713,720,-7,959,1025,-26,"AS",15,"N530AS","EWR","SEA",325,2402,7,20,2013-07-31 07:00:00
"592",2013,7,31,1835,1825,10,2201,2147,14,"AS",7,"N403AS","EWR","SEA",348,2402,18,25,2013-07-31 18:00:00
"593",2013,8,1,715,720,-5,1010,1025,-15,"AS",15,"N529AS","EWR","SEA",329,2402,7,20,2013-08-01 07:00:00
"594",2013,8,1,1931,1825,66,2235,2147,48,"AS",7,"N413AS","EWR","SEA",331,2402,18,25,2013-08-01 18:00:00
"595",2013,8,2,716,720,-4,1027,1025,2,"AS",15,"N546AS","EWR","SEA",342,2402,7,20,2013-08-02 07:00:00
"596",2013,8,2,1831,1825,6,2139,2147,-8,"AS",7,"N402AS","EWR","SEA",335,2402,18,25,2013-08-02 18:00:00
"597",2013,8,3,706,720,-14,1024,1025,-1,"AS",15,"N524AS","EWR","SEA",351,2402,7,20,2013-08-03 07:00:00
"598",2013,8,3,1822,1825,-3,2134,2147,-13,"AS",7,"N413AS","EWR","SEA",348,2402,18,25,2013-08-03 18:00:00
"599",2013,8,4,718,720,-2,1001,1025,-24,"AS",15,"N552AS","EWR","SEA",328,2402,7,20,2013-08-04 07:00:00
"600",2013,8,4,1822,1825,-3,2142,2147,-5,"AS",7,"N409AS","EWR","SEA",343,2402,18,25,2013-08-04 18:00:00
"601",2013,8,5,720,720,0,1008,1025,-17,"AS",15,"N536AS","EWR","SEA",331,2402,7,20,2013-08-05 07:00:00
"602",2013,8,5,1841,1825,16,2223,2147,36,"AS",7,"N407AS","EWR","SEA",335,2402,18,25,2013-08-05 18:00:00
"603",2013,8,6,714,720,-6,1019,1025,-6,"AS",15,"N570AS","EWR","SEA",338,2402,7,20,2013-08-06 07:00:00
"604",2013,8,6,1822,1825,-3,2137,2147,-10,"AS",7,"N407AS","EWR","SEA",334,2402,18,25,2013-08-06 18:00:00
"605",2013,8,7,720,720,0,1011,1025,-14,"AS",15,"N409AS","EWR","SEA",331,2402,7,20,2013-08-07 07:00:00
"606",2013,8,7,1825,1825,0,2156,2147,9,"AS",7,"N407AS","EWR","SEA",341,2402,18,25,2013-08-07 18:00:00
"607",2013,8,8,720,720,0,1007,1025,-18,"AS",15,"N402AS","EWR","SEA",323,2402,7,20,2013-08-08 07:00:00
"608",2013,8,8,1953,1825,88,2338,2147,111,"AS",7,"N408AS","EWR","SEA",340,2402,18,25,2013-08-08 18:00:00
"609",2013,8,9,726,720,6,1021,1025,-4,"AS",15,"N409AS","EWR","SEA",332,2402,7,20,2013-08-09 07:00:00
"610",2013,8,9,1949,1825,84,2345,2147,118,"AS",7,"N407AS","EWR","SEA",350,2402,18,25,2013-08-09 18:00:00
"611",2013,8,10,714,720,-6,948,1025,-37,"AS",15,"N403AS","EWR","SEA",313,2402,7,20,2013-08-10 07:00:00
"612",2013,8,10,1817,1825,-8,2054,2147,-53,"AS",7,"N402AS","EWR","SEA",318,2402,18,25,2013-08-10 18:00:00
"613",2013,8,11,716,720,-4,948,1025,-37,"AS",15,"N423AS","EWR","SEA",312,2402,7,20,2013-08-11 07:00:00
"614",2013,8,11,1822,1825,-3,2126,2147,-21,"AS",7,"N413AS","EWR","SEA",317,2402,18,25,2013-08-11 18:00:00
"615",2013,8,12,722,720,2,1003,1025,-22,"AS",15,"N408AS","EWR","SEA",320,2402,7,20,2013-08-12 07:00:00
"616",2013,8,12,1815,1825,-10,2101,2147,-46,"AS",7,"N423AS","EWR","SEA",317,2402,18,25,2013-08-12 18:00:00
"617",2013,8,13,718,720,-2,951,1025,-34,"AS",15,"N419AS","EWR","SEA",315,2402,7,20,2013-08-13 07:00:00
"618",2013,8,13,1946,1825,81,2253,2147,66,"AS",7,"N407AS","EWR","SEA",321,2402,18,25,2013-08-13 18:00:00
"619",2013,8,14,714,720,-6,1003,1025,-22,"AS",15,"N413AS","EWR","SEA",316,2402,7,20,2013-08-14 07:00:00
"620",2013,8,14,1836,1825,11,2128,2147,-19,"AS",7,"N407AS","EWR","SEA",310,2402,18,25,2013-08-14 18:00:00
"621",2013,8,15,713,720,-7,944,1025,-41,"AS",15,"N402AS","EWR","SEA",306,2402,7,20,2013-08-15 07:00:00
"622",2013,8,15,1822,1825,-3,2107,2147,-40,"AS",7,"N408AS","EWR","SEA",309,2402,18,25,2013-08-15 18:00:00
"623",2013,8,16,718,720,-2,949,1025,-36,"AS",15,"N409AS","EWR","SEA",310,2402,7,20,2013-08-16 07:00:00
"624",2013,8,16,1822,1825,-3,2100,2147,-47,"AS",7,"N413AS","EWR","SEA",301,2402,18,25,2013-08-16 18:00:00
"625",2013,8,17,714,720,-6,942,1025,-43,"AS",15,"N403AS","EWR","SEA",308,2402,7,20,2013-08-17 07:00:00
"626",2013,8,17,1820,1825,-5,2052,2147,-55,"AS",7,"N419AS","EWR","SEA",309,2402,18,25,2013-08-17 18:00:00
"627",2013,8,18,717,720,-3,950,1025,-35,"AS",15,"N409AS","EWR","SEA",311,2402,7,20,2013-08-18 07:00:00
"628",2013,8,18,1817,1825,-8,2122,2147,-25,"AS",7,"N419AS","EWR","SEA",324,2402,18,25,2013-08-18 18:00:00
"629",2013,8,19,728,720,8,953,1025,-32,"AS",15,"N408AS","EWR","SEA",309,2402,7,20,2013-08-19 07:00:00
"630",2013,8,19,1823,1825,-2,2105,2147,-42,"AS",7,"N409AS","EWR","SEA",308,2402,18,25,2013-08-19 18:00:00
"631",2013,8,20,716,720,-4,938,1025,-47,"AS",15,"N419AS","EWR","SEA",304,2402,7,20,2013-08-20 07:00:00
"632",2013,8,20,1829,1825,4,2127,2147,-20,"AS",7,"N409AS","EWR","SEA",322,2402,18,25,2013-08-20 18:00:00
"633",2013,8,21,720,720,0,1013,1025,-12,"AS",15,"N413AS","EWR","SEA",318,2402,7,20,2013-08-21 07:00:00
"634",2013,8,21,1814,1825,-11,2115,2147,-32,"AS",7,"N407AS","EWR","SEA",317,2402,18,25,2013-08-21 18:00:00
"635",2013,8,22,716,720,-4,1042,1025,17,"AS",15,"N409AS","EWR","SEA",344,2402,7,20,2013-08-22 07:00:00
"636",2013,8,22,1839,1825,14,2147,2147,0,"AS",7,"N590AS","EWR","SEA",331,2402,18,25,2013-08-22 18:00:00
"637",2013,8,23,717,720,-3,956,1025,-29,"AS",15,"N402AS","EWR","SEA",323,2402,7,20,2013-08-23 07:00:00
"638",2013,8,23,1820,1825,-5,2137,2147,-10,"AS",7,"N419AS","EWR","SEA",321,2402,18,25,2013-08-23 18:00:00
"639",2013,8,24,714,720,-6,939,1025,-46,"AS",15,"N408AS","EWR","SEA",308,2402,7,20,2013-08-24 07:00:00
"640",2013,8,24,1813,1825,-12,2045,2147,-62,"AS",7,"N402AS","EWR","SEA",310,2402,18,25,2013-08-24 18:00:00
"641",2013,8,25,716,720,-4,939,1025,-46,"AS",15,"N419AS","EWR","SEA",310,2402,7,20,2013-08-25 07:00:00
"642",2013,8,25,1840,1835,5,2134,2158,-24,"AS",5,"N402AS","EWR","SEA",316,2402,18,35,2013-08-25 18:00:00
"643",2013,8,26,716,720,-4,952,1025,-33,"AS",15,"N423AS","EWR","SEA",313,2402,7,20,2013-08-26 07:00:00
"644",2013,8,26,1851,1835,16,2154,2158,-4,"AS",5,"N402AS","EWR","SEA",321,2402,18,35,2013-08-26 18:00:00
"645",2013,8,27,715,720,-5,951,1025,-34,"AS",15,"N403AS","EWR","SEA",317,2402,7,20,2013-08-27 07:00:00
"646",2013,8,27,1826,1835,-9,2131,2158,-27,"AS",5,"N419AS","EWR","SEA",317,2402,18,35,2013-08-27 18:00:00
"647",2013,8,28,711,720,-9,938,1025,-47,"AS",15,"N409AS","EWR","SEA",310,2402,7,20,2013-08-28 07:00:00
"648",2013,8,28,1839,1835,4,2141,2158,-17,"AS",5,"N408AS","EWR","SEA",314,2402,18,35,2013-08-28 18:00:00
"649",2013,8,29,722,720,2,948,1025,-37,"AS",15,"N423AS","EWR","SEA",311,2402,7,20,2013-08-29 07:00:00
"650",2013,8,29,1823,1835,-12,2122,2158,-36,"AS",5,"N413AS","EWR","SEA",314,2402,18,35,2013-08-29 18:00:00
"651",2013,8,30,721,720,1,1003,1025,-22,"AS",15,"N409AS","EWR","SEA",321,2402,7,20,2013-08-30 07:00:00
"652",2013,8,30,1829,1835,-6,2120,2158,-38,"AS",5,"N413AS","EWR","SEA",317,2402,18,35,2013-08-30 18:00:00
"653",2013,8,31,713,720,-7,943,1025,-42,"AS",15,"N402AS","EWR","SEA",315,2402,7,20,2013-08-31 07:00:00
"654",2013,8,31,1818,1835,-17,2116,2158,-42,"AS",5,"N419AS","EWR","SEA",316,2402,18,35,2013-08-31 18:00:00
"655",2013,9,1,714,720,-6,955,1025,-30,"AS",15,"N309AS","EWR","SEA",325,2402,7,20,2013-09-01 07:00:00
"656",2013,9,1,1831,1835,-4,2137,2158,-21,"AS",5,"N402AS","EWR","SEA",328,2402,18,35,2013-09-01 18:00:00
"657",2013,9,2,715,720,-5,952,1025,-33,"AS",15,"N403AS","EWR","SEA",322,2402,7,20,2013-09-02 07:00:00
"658",2013,9,2,1837,1835,2,2119,2158,-39,"AS",5,"N407AS","EWR","SEA",322,2402,18,35,2013-09-02 18:00:00
"659",2013,9,3,714,720,-6,1000,1025,-25,"AS",15,"N423AS","EWR","SEA",321,2402,7,20,2013-09-03 07:00:00
"660",2013,9,3,1829,1835,-6,2120,2158,-38,"AS",5,"N419AS","EWR","SEA",323,2402,18,35,2013-09-03 18:00:00
"661",2013,9,4,717,720,-3,947,1025,-38,"AS",15,"N530AS","EWR","SEA",316,2402,7,20,2013-09-04 07:00:00
"662",2013,9,4,1826,1835,-9,2051,2158,-67,"AS",5,"N403AS","EWR","SEA",308,2402,18,35,2013-09-04 18:00:00
"663",2013,9,5,715,720,-5,948,1025,-37,"AS",15,"N409AS","EWR","SEA",317,2402,7,20,2013-09-05 07:00:00
"664",2013,9,5,1827,1835,-8,2113,2158,-45,"AS",5,"N403AS","EWR","SEA",311,2402,18,35,2013-09-05 18:00:00
"665",2013,9,6,714,720,-6,934,1025,-51,"AS",15,"N585AS","EWR","SEA",303,2402,7,20,2013-09-06 07:00:00
"666",2013,9,6,1824,1835,-11,2123,2158,-35,"AS",5,"N523AS","EWR","SEA",313,2402,18,35,2013-09-06 18:00:00
"667",2013,9,7,712,720,-8,937,1025,-48,"AS",15,"N546AS","EWR","SEA",310,2402,7,20,2013-09-07 07:00:00
"668",2013,9,7,1822,1835,-13,2103,2158,-55,"AS",5,"N526AS","EWR","SEA",320,2402,18,35,2013-09-07 18:00:00
"669",2013,9,8,713,720,-7,954,1025,-31,"AS",15,"N508AS","EWR","SEA",322,2402,7,20,2013-09-08 07:00:00
"670",2013,9,8,1830,1835,-5,2136,2158,-22,"AS",5,"N527AS","EWR","SEA",324,2402,18,35,2013-09-08 18:00:00
"671",2013,9,9,721,720,1,956,1025,-29,"AS",15,"N551AS","EWR","SEA",314,2402,7,20,2013-09-09 07:00:00
"672",2013,9,9,1826,1835,-9,2111,2158,-47,"AS",5,"N581AS","EWR","SEA",317,2402,18,35,2013-09-09 18:00:00
"673",2013,9,10,717,720,-3,941,1025,-44,"AS",15,"N532AS","EWR","SEA",307,2402,7,20,2013-09-10 07:00:00
"674",2013,9,10,1827,1835,-8,2142,2158,-16,"AS",5,"N559AS","EWR","SEA",316,2402,18,35,2013-09-10 18:00:00
"675",2013,9,11,709,720,-11,941,1025,-44,"AS",15,"N590AS","EWR","SEA",318,2402,7,20,2013-09-11 07:00:00
"676",2013,9,11,1830,1835,-5,2234,2158,36,"AS",5,"N508AS","EWR","SEA",327,2402,18,35,2013-09-11 18:00:00
"677",2013,9,12,714,720,-6,946,1025,-39,"AS",15,"N597AS","EWR","SEA",314,2402,7,20,2013-09-12 07:00:00
"678",2013,9,12,1917,1835,42,2210,2158,12,"AS",5,"N558AS","EWR","SEA",308,2402,18,35,2013-09-12 18:00:00
"679",2013,9,13,713,720,-7,936,1025,-49,"AS",15,"N593AS","EWR","SEA",303,2402,7,20,2013-09-13 07:00:00
"680",2013,9,13,1825,1835,-10,2111,2158,-47,"AS",5,"N594AS","EWR","SEA",297,2402,18,35,2013-09-13 18:00:00
"681",2013,9,14,712,720,-8,932,1025,-53,"AS",15,"N560AS","EWR","SEA",304,2402,7,20,2013-09-14 07:00:00
"682",2013,9,14,1829,1835,-6,2059,2158,-59,"AS",5,"N512AS","EWR","SEA",309,2402,18,35,2013-09-14 18:00:00
"683",2013,9,15,721,720,1,950,1025,-35,"AS",15,"N570AS","EWR","SEA",309,2402,7,20,2013-09-15 07:00:00
"684",2013,9,15,1826,1835,-9,2107,2158,-51,"AS",5,"N556AS","EWR","SEA",313,2402,18,35,2013-09-15 18:00:00
"685",2013,9,16,712,720,-8,945,1025,-40,"AS",15,"N537AS","EWR","SEA",314,2402,7,20,2013-09-16 07:00:00
"686",2013,9,16,1831,1835,-4,2128,2158,-30,"AS",5,"N592AS","EWR","SEA",306,2402,18,35,2013-09-16 18:00:00
"687",2013,9,17,720,720,0,952,1025,-33,"AS",15,"N535AS","EWR","SEA",311,2402,7,20,2013-09-17 07:00:00
"688",2013,9,17,1835,1835,0,2108,2158,-50,"AS",5,"N409AS","EWR","SEA",299,2402,18,35,2013-09-17 18:00:00
"689",2013,9,18,718,720,-2,941,1025,-44,"AS",15,"N558AS","EWR","SEA",305,2402,7,20,2013-09-18 07:00:00
"690",2013,9,18,1830,1835,-5,2116,2158,-42,"AS",5,"N523AS","EWR","SEA",306,2402,18,35,2013-09-18 18:00:00
"691",2013,9,19,715,720,-5,953,1025,-32,"AS",15,"N534AS","EWR","SEA",316,2402,7,20,2013-09-19 07:00:00
"692",2013,9,19,1825,1835,-10,2143,2158,-15,"AS",5,"N516AS","EWR","SEA",326,2402,18,35,2013-09-19 18:00:00
"693",2013,9,20,717,720,-3,950,1025,-35,"AS",15,"N551AS","EWR","SEA",310,2402,7,20,2013-09-20 07:00:00
"694",2013,9,20,1831,1835,-4,2119,2158,-39,"AS",5,"N407AS","EWR","SEA",306,2402,18,35,2013-09-20 18:00:00
"695",2013,9,21,714,720,-6,945,1025,-40,"AS",15,"N596AS","EWR","SEA",313,2402,7,20,2013-09-21 07:00:00
"696",2013,9,21,1820,1835,-15,2057,2158,-61,"AS",5,"N552AS","EWR","SEA",312,2402,18,35,2013-09-21 18:00:00
"697",2013,9,22,715,720,-5,956,1025,-29,"AS",15,"N581AS","EWR","SEA",324,2402,7,20,2013-09-22 07:00:00
"698",2013,9,22,1834,1835,-1,2119,2158,-39,"AS",5,"N519AS","EWR","SEA",314,2402,18,35,2013-09-22 18:00:00
"699",2013,9,23,712,720,-8,946,1025,-39,"AS",15,"N549AS","EWR","SEA",309,2402,7,20,2013-09-23 07:00:00
"700",2013,9,23,1822,1835,-13,2101,2158,-57,"AS",5,"N594AS","EWR","SEA",306,2402,18,35,2013-09-23 18:00:00
"701",2013,9,24,712,720,-8,958,1025,-27,"AS",15,"N566AS","EWR","SEA",317,2402,7,20,2013-09-24 07:00:00
"702",2013,9,24,1825,1835,-10,2054,2158,-64,"AS",5,"N408AS","EWR","SEA",305,2402,18,35,2013-09-24 18:00:00
"703",2013,9,25,714,720,-6,954,1025,-31,"AS",15,"N538AS","EWR","SEA",318,2402,7,20,2013-09-25 07:00:00
"704",2013,9,25,1828,1835,-7,2058,2158,-60,"AS",5,"N530AS","EWR","SEA",295,2402,18,35,2013-09-25 18:00:00
"705",2013,9,26,715,720,-5,943,1025,-42,"AS",15,"N581AS","EWR","SEA",306,2402,7,20,2013-09-26 07:00:00
"706",2013,9,26,1832,1835,-3,2118,2158,-40,"AS",5,"N409AS","EWR","SEA",305,2402,18,35,2013-09-26 18:00:00
"707",2013,9,27,738,720,18,1008,1025,-17,"AS",15,"N559AS","EWR","SEA",306,2402,7,20,2013-09-27 07:00:00
"708",2013,9,27,1827,1835,-8,2145,2158,-13,"AS",5,"N519AS","EWR","SEA",313,2402,18,35,2013-09-27 18:00:00
"709",2013,9,28,712,720,-8,955,1025,-30,"AS",15,"N557AS","EWR","SEA",323,2402,7,20,2013-09-28 07:00:00
"710",2013,9,28,1818,1835,-17,2053,2158,-65,"AS",5,"N519AS","EWR","SEA",319,2402,18,35,2013-09-28 18:00:00
"711",2013,9,29,728,720,8,1026,1030,-4,"AS",15,"N530AS","EWR","SEA",330,2402,7,20,2013-09-29 07:00:00
"712",2013,9,29,1821,1835,-14,2149,2148,1,"AS",5,"N532AS","EWR","SEA",345,2402,18,35,2013-09-29 18:00:00
"713",2013,9,30,742,720,22,1028,1030,-2,"AS",15,"N524AS","EWR","SEA",329,2402,7,20,2013-09-30 07:00:00
"714",2013,9,30,1829,1835,-6,2153,2148,5,"AS",5,"N528AS","EWR","SEA",341,2402,18,35,2013-09-30 18:00:00
