"","origin","year","month","day","hour","temp","dewp","humid","wind_dir","wind_speed","wind_gust","precip","pressure","visib","time_hour"
"1","EWR",2013,1,1,1,39.02,26.06,59.37,270,10.35702,NA,0,1012,10,2013-01-01 01:00:00
"2","EWR",2013,1,1,2,39.02,26.96,61.63,250,8.05546,NA,0,1012.3,10,2013-01-01 02:00:00
"3","EWR",2013,1,1,3,39.02,28.04,64.43,240,11.5078,NA,0,1012.5,10,2013-01-01 03:00:00
"4","EWR",2013,1,1,4,39.92,28.04,62.21,250,12.65858,NA,0,1012.2,10,2013-01-01 04:00:00
"5","EWR",2013,1,1,5,39.02,28.04,64.43,260,12.65858,NA,0,1011.9,10,2013-01-01 05:00:00
"6","EWR",2013,1,1,6,37.94,28.04,67.21,240,11.5078,NA,0,1012.4,10,2013-01-01 06:00:00
"7","EWR",2013,1,1,7,39.02,28.04,64.43,240,14.96014,NA,0,1012.2,10,2013-01-01 07:00:00
"8","EWR",2013,1,1,8,39.92,28.04,62.21,250,10.35702,NA,0,1012.2,10,2013-01-01 08:00:00
"9","EWR",2013,1,1,9,39.92,28.04,62.21,260,14.96014,NA,0,1012.7,10,2013-01-01 09:00:00
"10","EWR",2013,1,1,10,41,28.04,59.65,260,13.80936,NA,0,1012.4,10,2013-01-01 10:00:00
"11","EWR",2013,1,1,11,41,26.96,57.06,260,14.96014,NA,0,1011.4,10,2013-01-01 11:00:00
"12","EWR",2013,1,1,13,39.2,28.4,69.67,330,16.11092,NA,0,NA,10,2013-01-01 13:00:00
"13","EWR",2013,1,1,14,39.02,24.08,54.68,280,13.80936,NA,0,1010.8,10,2013-01-01 14:00:00
"14","EWR",2013,1,1,15,37.94,24.08,57.04,290,9.20624,NA,0,1011.9,10,2013-01-01 15:00:00
"15","EWR",2013,1,1,16,37.04,19.94,49.62,300,13.80936,20.71404,0,1012.1,10,2013-01-01 16:00:00
"16","EWR",2013,1,1,17,35.96,19.04,49.83,330,11.5078,NA,0,1013.2,10,2013-01-01 17:00:00
"17","EWR",2013,1,1,18,33.98,15.08,45.43,310,12.65858,25.31716,0,1014.1,10,2013-01-01 18:00:00
"18","EWR",2013,1,1,19,33.08,12.92,42.84,320,10.35702,NA,0,1014.4,10,2013-01-01 19:00:00
"19","EWR",2013,1,1,20,32,15.08,49.19,310,14.96014,NA,0,1015.2,10,2013-01-01 20:00:00
"20","EWR",2013,1,1,21,30.02,12.92,48.48,320,18.41248,26.46794,0,1016,10,2013-01-01 21:00:00
"21","EWR",2013,1,1,22,28.94,12.02,48.69,320,18.41248,25.31716,0,1016.5,10,2013-01-01 22:00:00
"22","EWR",2013,1,1,23,28.04,10.94,48.15,310,16.11092,NA,0,1016.4,10,2013-01-01 23:00:00
"23","EWR",2013,1,2,0,26.96,10.94,50.34,310,14.96014,25.31716,0,1016.3,10,2013-01-02 00:00:00
"24","EWR",2013,1,2,1,26.06,10.94,52.25,330,12.65858,24.16638,0,1016.3,10,2013-01-02 01:00:00
"25","EWR",2013,1,2,2,24.98,10.94,54.65,330,13.80936,NA,0,1017,10,2013-01-02 02:00:00
"26","EWR",2013,1,2,3,24.08,8.96,51.93,320,14.96014,NA,0,1016.6,10,2013-01-02 03:00:00
"27","EWR",2013,1,2,4,24.08,8.96,51.93,330,12.65858,NA,0,1016.9,10,2013-01-02 04:00:00
"28","EWR",2013,1,2,5,24.08,8.96,51.93,330,6.90468,NA,0,1016.9,10,2013-01-02 05:00:00
"29","EWR",2013,1,2,6,24.08,8.96,51.93,310,3.45234,NA,0,1017.2,10,2013-01-02 06:00:00
"30","EWR",2013,1,2,7,24.98,10.04,52.5,300,6.90468,NA,0,1017.6,10,2013-01-02 07:00:00
"31","EWR",2013,1,2,8,24.98,10.04,52.5,280,9.20624,NA,0,1018.5,10,2013-01-02 08:00:00
"32","EWR",2013,1,2,9,26.96,10.04,48.36,290,11.5078,NA,0,1019,10,2013-01-02 09:00:00
"33","EWR",2013,1,2,10,28.94,10.94,46.41,280,9.20624,NA,0,1018.5,10,2013-01-02 10:00:00
"34","EWR",2013,1,2,11,30.92,12.02,44.92,300,14.96014,25.31716,0,1017.5,10,2013-01-02 11:00:00
"35","EWR",2013,1,2,12,32,12.92,44.74,290,12.65858,23.0156,0,1017.1,10,2013-01-02 12:00:00
"36","EWR",2013,1,2,13,33.98,12.92,41.33,290,16.11092,25.31716,0,1017.3,10,2013-01-02 13:00:00
"37","EWR",2013,1,2,14,33.98,10.94,37.86,310,17.2617,26.46794,0,1017.8,10,2013-01-02 14:00:00
"38","EWR",2013,1,2,15,33.98,12.02,39.72,310,13.80936,20.71404,0,1018.5,10,2013-01-02 15:00:00
"39","EWR",2013,1,2,16,32,12.92,44.74,310,6.90468,NA,0,1018.6,10,2013-01-02 16:00:00
"40","EWR",2013,1,2,17,32,12.92,44.74,290,12.65858,18.41248,0,1019.7,10,2013-01-02 17:00:00
"41","EWR",2013,1,2,18,30.92,12.92,46.74,300,11.5078,NA,0,1020.3,10,2013-01-02 18:00:00
"42","EWR",2013,1,2,19,30.92,14,49.01,290,6.90468,NA,0,1020.4,10,2013-01-02 19:00:00
"43","EWR",2013,1,2,20,30.02,14,50.84,280,9.20624,16.11092,0,1020.6,10,2013-01-02 20:00:00
"44","EWR",2013,1,2,21,30.02,14,50.84,270,5.7539,NA,0,1021.2,10,2013-01-02 21:00:00
"45","EWR",2013,1,2,22,28.94,15.08,55.69,270,8.05546,NA,0,1021.7,10,2013-01-02 22:00:00
"46","EWR",2013,1,2,23,28.94,15.08,55.69,280,9.20624,NA,0,1022.2,10,2013-01-02 23:00:00
"47","EWR",2013,1,3,0,28.04,15.08,57.79,290,8.05546,NA,0,1021.8,10,2013-01-03 00:00:00
"48","EWR",2013,1,3,1,28.04,15.08,57.79,280,10.35702,NA,0,1022.1,10,2013-01-03 01:00:00
"49","EWR",2013,1,3,2,26.96,15.08,60.41,270,8.05546,NA,0,1022.3,10,2013-01-03 02:00:00
"50","EWR",2013,1,3,3,26.96,15.08,60.41,280,6.90468,NA,0,1022.1,10,2013-01-03 03:00:00
"51","EWR",2013,1,3,4,26.06,15.08,62.7,290,5.7539,NA,0,1021.9,10,2013-01-03 04:00:00
"52","EWR",2013,1,3,5,26.06,15.08,62.7,290,5.7539,NA,0,1022,10,2013-01-03 05:00:00
"53","EWR",2013,1,3,6,26.06,15.98,65.21,310,6.90468,NA,0,1022.4,10,2013-01-03 06:00:00
"54","EWR",2013,1,3,7,26.06,15.98,65.21,320,5.7539,NA,0,1022.2,10,2013-01-03 07:00:00
"55","EWR",2013,1,3,8,26.96,17.06,65.84,310,5.7539,NA,0,1022.4,10,2013-01-03 08:00:00
"56","EWR",2013,1,3,9,28.04,17.06,62.97,290,5.7539,NA,0,1022.8,10,2013-01-03 09:00:00
"57","EWR",2013,1,3,10,30.92,15.08,51.38,290,9.20624,NA,0,1022.1,10,2013-01-03 10:00:00
"58","EWR",2013,1,3,11,30.92,14,49.01,NA,4.60312,NA,0,1021,10,2013-01-03 11:00:00
"59","EWR",2013,1,3,12,33.08,12.92,42.84,260,8.05546,NA,0,1019.8,10,2013-01-03 12:00:00
"60","EWR",2013,1,3,13,33.98,12.92,41.33,260,9.20624,NA,0,1019.1,10,2013-01-03 13:00:00
"61","EWR",2013,1,3,14,33.98,12.92,41.33,240,8.05546,NA,0,1018.7,10,2013-01-03 14:00:00
"62","EWR",2013,1,3,15,33.08,14,44.92,250,11.5078,NA,0,1018.8,10,2013-01-03 15:00:00
"63","EWR",2013,1,3,16,32,14,46.92,270,10.35702,NA,0,1018.9,10,2013-01-03 16:00:00
"64","EWR",2013,1,3,17,30.02,15.08,53.29,240,9.20624,NA,0,1019.3,10,2013-01-03 17:00:00
"65","EWR",2013,1,3,18,30.92,15.08,51.38,240,10.35702,NA,0,1019.6,10,2013-01-03 18:00:00
"66","EWR",2013,1,3,19,30.92,15.08,51.38,230,11.5078,NA,0,1019.6,10,2013-01-03 19:00:00
"67","EWR",2013,1,3,20,30.92,15.08,51.38,240,11.5078,NA,0,1019.4,10,2013-01-03 20:00:00
"68","EWR",2013,1,3,21,30.92,15.98,53.44,240,12.65858,NA,0,1019,10,2013-01-03 21:00:00
"69","EWR",2013,1,3,22,28.94,17.06,60.69,230,10.35702,NA,0,1019,10,2013-01-03 22:00:00
"70","EWR",2013,1,3,23,30.02,17.96,60.38,240,10.35702,NA,0,1018.4,10,2013-01-03 23:00:00
"71","EWR",2013,1,4,0,30.02,17.96,60.38,240,13.80936,NA,0,1018,10,2013-01-04 00:00:00
"72","EWR",2013,1,4,1,28.94,17.96,63.1,230,8.05546,NA,0,1018.1,10,2013-01-04 01:00:00
"73","EWR",2013,1,4,2,30.02,19.04,63.24,240,10.35702,NA,0,1018.3,10,2013-01-04 02:00:00
"74","EWR",2013,1,4,3,28.94,19.04,66.09,250,11.5078,NA,0,1018.2,10,2013-01-04 03:00:00
"75","EWR",2013,1,4,4,28.94,19.94,68.68,230,6.90468,NA,0,1018.4,10,2013-01-04 04:00:00
"76","EWR",2013,1,4,5,30.92,21.02,66.34,240,11.5078,NA,0,1018.4,10,2013-01-04 05:00:00
"77","EWR",2013,1,4,6,33.08,21.02,60.81,230,16.11092,NA,0,1018.7,10,2013-01-04 06:00:00
"78","EWR",2013,1,4,7,33.98,21.92,60.93,240,10.35702,NA,0,1018.7,10,2013-01-04 07:00:00
"79","EWR",2013,1,4,8,35.06,21.92,58.37,250,13.80936,NA,0,1019,10,2013-01-04 08:00:00
"80","EWR",2013,1,4,9,35.96,21.02,54.21,250,14.96014,19.56326,0,1019,10,2013-01-04 09:00:00
"81","EWR",2013,1,4,10,37.04,19.04,47.75,260,16.11092,27.61872,0,1018.1,10,2013-01-04 10:00:00
"82","EWR",2013,1,4,11,37.04,19.04,47.75,270,20.71404,27.61872,0,1016.9,10,2013-01-04 11:00:00
"83","EWR",2013,1,4,12,39.92,19.94,44.33,260,17.2617,25.31716,0,1015.8,10,2013-01-04 12:00:00
"84","EWR",2013,1,4,13,37.94,19.04,46.09,250,24.16638,31.07106,0,1015.1,10,2013-01-04 13:00:00
"85","EWR",2013,1,4,14,37.94,19.94,47.89,250,21.86482,28.7695,0,1014.7,10,2013-01-04 14:00:00
"86","EWR",2013,1,4,15,37.94,19.94,47.89,250,18.41248,27.61872,0,1014.6,10,2013-01-04 15:00:00
"87","EWR",2013,1,4,16,37.04,19.94,49.62,250,17.2617,25.31716,0,1014.8,10,2013-01-04 16:00:00
"88","EWR",2013,1,4,17,35.96,21.02,54.21,230,13.80936,NA,0,1015.2,10,2013-01-04 17:00:00
"89","EWR",2013,1,4,18,35.06,21.02,56.18,230,9.20624,NA,0,1015.4,10,2013-01-04 18:00:00
"90","EWR",2013,1,4,19,35.06,21.02,56.18,240,11.5078,19.56326,0,1015.5,10,2013-01-04 19:00:00
"91","EWR",2013,1,4,20,35.06,19.94,53.66,250,11.5078,NA,0,1015.3,10,2013-01-04 20:00:00
"92","EWR",2013,1,4,21,35.06,19.94,53.66,250,13.80936,NA,0,1015.7,10,2013-01-04 21:00:00
"93","EWR",2013,1,4,22,33.98,19.04,53.91,250,11.5078,NA,0,1016.2,10,2013-01-04 22:00:00
"94","EWR",2013,1,4,23,33.08,19.04,55.89,240,11.5078,NA,0,1016.6,10,2013-01-04 23:00:00
"95","EWR",2013,1,5,0,33.08,17.96,53.36,260,10.35702,NA,0,1017.1,10,2013-01-05 00:00:00
"96","EWR",2013,1,5,1,33.08,17.06,51.33,270,10.35702,NA,0,1017.7,10,2013-01-05 01:00:00
"97","EWR",2013,1,5,2,32,17.06,53.6,280,12.65858,NA,0,1018.8,10,2013-01-05 02:00:00
"98","EWR",2013,1,5,3,32,17.06,53.6,290,18.41248,23.0156,0,1019.3,10,2013-01-05 03:00:00
"99","EWR",2013,1,5,4,32,17.06,53.6,260,11.5078,NA,0,1020.2,10,2013-01-05 04:00:00
"100","EWR",2013,1,5,5,32,17.06,53.6,240,12.65858,NA,0,1021,10,2013-01-05 05:00:00
"101","EWR",2013,1,5,6,33.08,17.96,53.36,250,10.35702,NA,0,1022.4,10,2013-01-05 06:00:00
"102","EWR",2013,1,5,7,32,19.04,58.37,250,9.20624,NA,0,1023,10,2013-01-05 07:00:00
"103","EWR",2013,1,5,8,35.06,19.94,53.66,240,9.20624,20.71404,0,1024.5,10,2013-01-05 08:00:00
"104","EWR",2013,1,5,9,37.94,21.02,50.14,270,10.35702,NA,0,1024.8,10,2013-01-05 09:00:00
"105","EWR",2013,1,5,10,41,21.02,44.51,310,10.35702,21.86482,0,1024.9,10,2013-01-05 10:00:00
"106","EWR",2013,1,5,11,42.08,19.94,40.77,320,14.96014,26.46794,0,1024.6,10,2013-01-05 11:00:00
"107","EWR",2013,1,5,12,42.98,19.94,39.38,310,13.80936,NA,0,1023.9,10,2013-01-05 12:00:00
"108","EWR",2013,1,5,13,44.06,19.94,37.79,290,11.5078,19.56326,0,1023.6,10,2013-01-05 13:00:00
"109","EWR",2013,1,5,14,44.06,19.94,37.79,310,9.20624,16.11092,0,1024,10,2013-01-05 14:00:00
"110","EWR",2013,1,5,15,42.98,19.04,37.9,310,8.05546,NA,0,1024.1,10,2013-01-05 15:00:00
"111","EWR",2013,1,5,16,41,19.94,42.51,310,4.60312,NA,0,1024,10,2013-01-05 16:00:00
"112","EWR",2013,1,5,17,39.92,19.94,44.33,280,4.60312,NA,0,1024.7,10,2013-01-05 17:00:00
"113","EWR",2013,1,5,18,39.02,21.92,49.93,240,8.05546,NA,0,1025,10,2013-01-05 18:00:00
"114","EWR",2013,1,5,19,35.96,21.92,56.32,240,6.90468,NA,0,1024.8,10,2013-01-05 19:00:00
"115","EWR",2013,1,5,20,33.98,21.92,60.93,240,4.60312,NA,0,1024.2,10,2013-01-05 20:00:00
"116","EWR",2013,1,5,21,33.08,23,66.11,220,4.60312,NA,0,1024.1,10,2013-01-05 21:00:00
"117","EWR",2013,1,5,22,33.08,23,66.11,210,4.60312,NA,0,1023.3,10,2013-01-05 22:00:00
"118","EWR",2013,1,5,23,32,23,69.04,210,4.60312,NA,0,1022.8,10,2013-01-05 23:00:00
"119","EWR",2013,1,6,0,33.98,23,63.77,210,5.7539,NA,0,1023.3,10,2013-01-06 00:00:00
"120","EWR",2013,1,6,1,33.98,23,63.77,230,9.20624,NA,0,1023.4,10,2013-01-06 01:00:00
"121","EWR",2013,1,6,2,33.98,23,63.77,200,4.60312,NA,0,1022.5,10,2013-01-06 02:00:00
"122","EWR",2013,1,6,3,33.98,24.08,66.72,200,5.7539,NA,0,1021.7,10,2013-01-06 03:00:00
"123","EWR",2013,1,6,4,33.08,28.04,81.5,200,8.05546,NA,0,1020.5,10,2013-01-06 04:00:00
"124","EWR",2013,1,6,5,33.8,30.2,88.37,210,5.7539,NA,0,NA,6,2013-01-06 05:00:00
"125","EWR",2013,1,6,6,33.98,30.92,88.42,210,5.7539,NA,0,1020.3,6,2013-01-06 06:00:00
"126","EWR",2013,1,6,7,35.06,32,93.03,230,9.20624,NA,0,NA,6,2013-01-06 07:00:00
"127","EWR",2013,1,6,8,35.96,32,86.59,240,8.05546,NA,0,NA,6,2013-01-06 08:00:00
"128","EWR",2013,1,6,9,37.4,32,86.59,230,11.5078,NA,0,NA,8,2013-01-06 09:00:00
"129","EWR",2013,1,6,10,39.92,30.92,74.98,250,11.5078,NA,0,NA,9,2013-01-06 10:00:00
"130","EWR",2013,1,6,11,42.98,30.02,59.93,240,10.35702,NA,0,1017.4,10,2013-01-06 11:00:00
"131","EWR",2013,1,6,12,46.04,28.94,51.03,250,10.35702,NA,0,1016.3,10,2013-01-06 12:00:00
"132","EWR",2013,1,6,13,46.94,26.96,45.48,240,13.80936,19.56326,0,1015.5,10,2013-01-06 13:00:00
"133","EWR",2013,1,6,14,48.02,24.98,40.22,250,14.96014,18.41248,0,1015.1,10,2013-01-06 14:00:00
"134","EWR",2013,1,6,15,46.94,24.08,40.35,260,11.5078,NA,0,1015,10,2013-01-06 15:00:00
"135","EWR",2013,1,6,16,44.96,26.06,47.23,260,6.90468,NA,0,1015.5,10,2013-01-06 16:00:00
"136","EWR",2013,1,6,17,44.06,26.06,48.87,270,8.05546,NA,0,1016,10,2013-01-06 17:00:00
"137","EWR",2013,1,6,18,44.06,24.98,46.73,250,10.35702,NA,0,1016.5,10,2013-01-06 18:00:00
"138","EWR",2013,1,6,19,42.98,24.98,48.7,260,10.35702,NA,0,1016.6,10,2013-01-06 19:00:00
"139","EWR",2013,1,6,20,42.98,26.06,50.94,270,10.35702,NA,0,1016.5,10,2013-01-06 20:00:00
"140","EWR",2013,1,6,21,42.08,26.06,52.73,270,10.35702,NA,0,1016.7,10,2013-01-06 21:00:00
"141","EWR",2013,1,6,22,41,26.96,57.06,270,6.90468,NA,0,1017.2,10,2013-01-06 22:00:00
"142","EWR",2013,1,6,23,39.92,26.96,59.5,270,9.20624,NA,0,1017.6,10,2013-01-06 23:00:00
"143","EWR",2013,1,7,0,39.92,26.96,59.5,260,8.05546,NA,0,1018.1,10,2013-01-07 00:00:00
"144","EWR",2013,1,7,1,37.94,26.96,64.29,270,8.05546,NA,0,1018.7,10,2013-01-07 01:00:00
"145","EWR",2013,1,7,2,35.96,26.96,69.51,280,6.90468,NA,0,1019.3,10,2013-01-07 02:00:00
"146","EWR",2013,1,7,3,37.04,28.04,69.63,260,6.90468,NA,0,1019.8,10,2013-01-07 03:00:00
"147","EWR",2013,1,7,4,35.96,28.04,72.66,280,9.20624,NA,0,1020.6,10,2013-01-07 04:00:00
"148","EWR",2013,1,7,5,35.06,26.96,72.03,290,4.60312,NA,0,1021.7,10,2013-01-07 05:00:00
"149","EWR",2013,1,7,6,35.96,28.04,72.66,270,6.90468,NA,0,1023.1,10,2013-01-07 06:00:00
"150","EWR",2013,1,7,7,37.94,28.94,69.73,250,8.05546,NA,0,1024.1,10,2013-01-07 07:00:00
"151","EWR",2013,1,7,8,39.92,28.94,64.54,280,5.7539,NA,0,1025.1,10,2013-01-07 08:00:00
"152","EWR",2013,1,7,9,44.06,26.96,50.73,300,13.80936,23.0156,0,1025.9,10,2013-01-07 09:00:00
"153","EWR",2013,1,7,10,44.96,24.08,43.49,320,14.96014,21.86482,0,1026.5,10,2013-01-07 10:00:00
"154","EWR",2013,1,7,11,46.04,23,39.9,300,11.5078,20.71404,0,1026.6,10,2013-01-07 11:00:00
"155","EWR",2013,1,7,12,46.94,21.92,36.85,300,14.96014,24.16638,0,1026.9,10,2013-01-07 12:00:00
"156","EWR",2013,1,7,13,46.04,19.94,35.05,360,11.5078,NA,0,1027.1,10,2013-01-07 13:00:00
"157","EWR",2013,1,7,14,46.94,19.94,33.88,290,11.5078,20.71404,0,1027.6,10,2013-01-07 14:00:00
"158","EWR",2013,1,7,15,44.96,17.96,33.55,320,8.05546,NA,0,1028.4,10,2013-01-07 15:00:00
"159","EWR",2013,1,7,16,42.98,17.96,36.18,330,6.90468,NA,0,1028.8,10,2013-01-07 16:00:00
"160","EWR",2013,1,7,17,42.08,17.96,37.46,320,3.45234,NA,0,1029.1,10,2013-01-07 17:00:00
"161","EWR",2013,1,7,18,41,19.04,40.9,310,4.60312,NA,0,1029.3,10,2013-01-07 18:00:00
"162","EWR",2013,1,7,19,39.92,21.02,46.41,0,0,NA,0,1029.3,10,2013-01-07 19:00:00
"163","EWR",2013,1,7,20,39.92,21.02,46.41,0,0,NA,0,1029.1,10,2013-01-07 20:00:00
"164","EWR",2013,1,7,21,37.04,24.08,59.09,0,0,NA,0,1028.9,10,2013-01-07 21:00:00
"165","EWR",2013,1,7,22,35.96,23,58.94,230,3.45234,NA,0,1029.3,10,2013-01-07 22:00:00
"166","EWR",2013,1,7,23,32,23,69.04,210,6.90468,NA,0,1029.2,10,2013-01-07 23:00:00
"167","EWR",2013,1,8,0,32,23,69.04,210,3.45234,NA,0,1029.2,10,2013-01-08 00:00:00
"168","EWR",2013,1,8,1,32,24.08,72.24,210,6.90468,NA,0,1029,10,2013-01-08 01:00:00
"169","EWR",2013,1,8,2,32,24.98,75,190,3.45234,NA,0,1028.7,10,2013-01-08 02:00:00
"170","EWR",2013,1,8,3,30.92,26.06,81.95,190,4.60312,NA,0,1028.2,10,2013-01-08 03:00:00
"171","EWR",2013,1,8,4,30.02,24.98,81.27,240,4.60312,NA,0,1028.6,10,2013-01-08 04:00:00
"172","EWR",2013,1,8,5,28.94,24.08,81.8,210,4.60312,NA,0,1028.9,10,2013-01-08 05:00:00
"173","EWR",2013,1,8,6,30.92,24.98,78.35,0,0,NA,0,1029.2,9,2013-01-08 06:00:00
"174","EWR",2013,1,8,7,30.02,24.98,81.27,210,5.7539,NA,0,1030,8,2013-01-08 07:00:00
"175","EWR",2013,1,8,8,35.06,26.96,72.03,240,6.90468,NA,0,1030.5,9,2013-01-08 08:00:00
"176","EWR",2013,1,8,9,39.02,28.94,66.85,230,9.20624,NA,0,1030.3,9,2013-01-08 09:00:00
"177","EWR",2013,1,8,10,44.06,28.94,55.02,220,13.80936,NA,0,1029.7,9,2013-01-08 10:00:00
"178","EWR",2013,1,8,11,46.04,30.02,53.33,230,10.35702,NA,0,1028.2,10,2013-01-08 11:00:00
"179","EWR",2013,1,8,12,46.94,30.02,51.55,230,14.96014,25.31716,0,1027.9,10,2013-01-08 12:00:00
"180","EWR",2013,1,8,13,48.92,30.02,47.86,240,11.5078,NA,0,1027.6,10,2013-01-08 13:00:00
"181","EWR",2013,1,8,14,48.92,30.02,47.86,220,11.5078,NA,0,1027.9,10,2013-01-08 14:00:00
"182","EWR",2013,1,8,15,48.92,28.04,44.14,240,11.5078,NA,0,1027.7,10,2013-01-08 15:00:00
"183","EWR",2013,1,8,16,46.04,28.04,49.19,230,10.35702,NA,0,1027.8,10,2013-01-08 16:00:00
"184","EWR",2013,1,8,17,44.06,28.94,55.02,220,6.90468,NA,0,1028.1,10,2013-01-08 17:00:00
"185","EWR",2013,1,8,18,39.92,30.92,69.96,220,8.05546,NA,0,1028.7,10,2013-01-08 18:00:00
"186","EWR",2013,1,8,19,39.92,30.92,69.96,200,5.7539,NA,0,1028.7,10,2013-01-08 19:00:00
"187","EWR",2013,1,8,20,39.02,30.02,69.86,210,5.7539,NA,0,1028.6,10,2013-01-08 20:00:00
"188","EWR",2013,1,8,21,37.94,28.94,69.73,210,3.45234,NA,0,1028.6,10,2013-01-08 21:00:00
"189","EWR",2013,1,8,22,37.94,28.94,69.73,210,4.60312,NA,0,1029.3,10,2013-01-08 22:00:00
"190","EWR",2013,1,8,23,37.04,28.94,72.24,230,4.60312,NA,0,1029.2,10,2013-01-08 23:00:00
"191","EWR",2013,1,9,0,35.96,28.94,75.39,0,0,NA,0,1029.1,10,2013-01-09 00:00:00
"192","EWR",2013,1,9,1,33.98,28.94,81.57,0,0,NA,0,1028.7,10,2013-01-09 01:00:00
"193","EWR",2013,1,9,2,35.06,28.94,78.13,0,0,NA,0,1028.5,10,2013-01-09 02:00:00
"194","EWR",2013,1,9,3,35.96,30.02,78.79,0,0,NA,0,1028.4,10,2013-01-09 03:00:00
"195","EWR",2013,1,9,4,35.96,28.94,75.39,0,0,NA,0,1028.2,10,2013-01-09 04:00:00
"196","EWR",2013,1,9,5,35.06,28.94,78.13,0,0,NA,0,1028,9,2013-01-09 05:00:00
"197","EWR",2013,1,9,6,35.06,28.94,78.13,0,0,NA,0,1028.4,9,2013-01-09 06:00:00
"198","EWR",2013,1,9,7,33.98,30.02,85.24,260,4.60312,NA,0,1029,6,2013-01-09 07:00:00
"199","EWR",2013,1,9,8,37.04,30.92,78.31,0,0,NA,0,1028.7,7,2013-01-09 08:00:00
"200","EWR",2013,1,9,9,42.08,32,67.22,0,0,NA,0,1028.3,7,2013-01-09 09:00:00
"201","EWR",2013,1,9,10,44.06,33.08,65.07,170,3.45234,NA,0,1026.4,7,2013-01-09 10:00:00
"202","EWR",2013,1,9,11,46.94,33.98,60.47,230,5.7539,NA,0,1025.9,7,2013-01-09 11:00:00
"203","EWR",2013,1,9,12,46.04,33.98,62.56,200,9.20624,NA,0,1024.1,9,2013-01-09 12:00:00
"204","EWR",2013,1,9,13,46.94,33.98,60.47,270,8.05546,NA,0,1024.7,9,2013-01-09 13:00:00
"205","EWR",2013,1,9,14,46.94,35.06,63.13,180,8.05546,NA,0,1021.1,8,2013-01-09 14:00:00
"206","EWR",2013,1,9,15,48.92,37.04,63.39,210,13.80936,20.71404,0,1020.7,9,2013-01-09 15:00:00
"207","EWR",2013,1,9,16,50,37.04,60.89,240,11.5078,20.71404,0,1021,10,2013-01-09 16:00:00
"208","EWR",2013,1,9,17,48.92,37.04,63.39,240,12.65858,NA,0,1021.7,10,2013-01-09 17:00:00
"209","EWR",2013,1,9,18,48.02,37.04,65.56,250,10.35702,NA,0,1022.1,10,2013-01-09 18:00:00
"210","EWR",2013,1,9,19,46.94,37.04,68.28,260,11.5078,NA,0,1022.6,10,2013-01-09 19:00:00
"211","EWR",2013,1,9,20,44.96,37.04,73.59,230,11.5078,NA,0,1022.5,10,2013-01-09 20:00:00
"212","EWR",2013,1,9,21,44.06,35.96,72.98,230,12.65858,NA,0,1022.5,10,2013-01-09 21:00:00
"213","EWR",2013,1,9,22,44.06,35.06,70.42,240,12.65858,NA,0,1023,10,2013-01-09 22:00:00
"214","EWR",2013,1,9,23,42.98,33.08,67.81,220,8.05546,NA,0,1023.7,10,2013-01-09 23:00:00
"215","EWR",2013,1,10,0,41,32,70.08,230,8.05546,NA,0,1024.6,10,2013-01-10 00:00:00
"216","EWR",2013,1,10,1,39.02,30.02,69.86,210,9.20624,NA,0,1025.9,10,2013-01-10 01:00:00
"217","EWR",2013,1,10,2,39.02,28.94,66.85,230,6.90468,NA,0,1026.9,10,2013-01-10 02:00:00
"218","EWR",2013,1,10,3,39.92,26.96,59.5,270,5.7539,NA,0,1027.5,10,2013-01-10 03:00:00
"219","EWR",2013,1,10,4,41,26.06,54.97,320,6.90468,NA,0,1028.2,10,2013-01-10 04:00:00
"220","EWR",2013,1,10,5,41,26.06,54.97,300,12.65858,20.71404,0,1029,10,2013-01-10 05:00:00
"221","EWR",2013,1,10,6,39.92,24.98,54.81,280,6.90468,17.2617,0,1030,10,2013-01-10 06:00:00
"222","EWR",2013,1,10,7,41,24.98,52.56,330,6.90468,NA,0,1031.4,10,2013-01-10 07:00:00
"223","EWR",2013,1,10,8,42.98,24.98,48.7,330,8.05546,NA,0,1032.2,10,2013-01-10 08:00:00
"224","EWR",2013,1,10,9,44.96,23,41.56,320,17.2617,26.46794,0,1032.7,10,2013-01-10 09:00:00
"225","EWR",2013,1,10,10,44.96,21.92,39.72,320,11.5078,NA,0,1032.8,10,2013-01-10 10:00:00
"226","EWR",2013,1,10,11,46.94,21.92,36.85,330,13.80936,23.0156,0,1032,10,2013-01-10 11:00:00
"227","EWR",2013,1,10,12,48.92,21.92,34.21,320,14.96014,20.71404,0,1031.3,10,2013-01-10 12:00:00
"228","EWR",2013,1,10,13,50,21.92,32.86,310,12.65858,18.41248,0,1031.5,10,2013-01-10 13:00:00
"229","EWR",2013,1,10,14,50,21.92,32.86,300,11.5078,19.56326,0,1031.9,10,2013-01-10 14:00:00
"230","EWR",2013,1,10,15,48.92,21.02,32.93,330,10.35702,NA,0,1032.4,10,2013-01-10 15:00:00
"231","EWR",2013,1,10,16,46.94,21.92,36.85,310,8.05546,NA,0,1032.8,10,2013-01-10 16:00:00
"232","EWR",2013,1,10,17,46.04,21.92,38.12,320,8.05546,NA,0,1033.3,10,2013-01-10 17:00:00
"233","EWR",2013,1,10,18,44.96,23,41.56,330,6.90468,NA,0,1033.8,10,2013-01-10 18:00:00
"234","EWR",2013,1,10,19,44.06,23,43.02,340,4.60312,NA,0,1033.6,10,2013-01-10 19:00:00
"235","EWR",2013,1,10,20,44.06,23,43.02,340,6.90468,NA,0,1034,10,2013-01-10 20:00:00
"236","EWR",2013,1,10,21,41,24.98,52.56,10,8.05546,NA,0,1033.5,10,2013-01-10 21:00:00
"237","EWR",2013,1,10,22,39.02,24.98,56.77,30,8.05546,NA,0,1034,10,2013-01-10 22:00:00
"238","EWR",2013,1,10,23,39.92,24.08,52.79,0,0,NA,0,1034.4,10,2013-01-10 23:00:00
"239","EWR",2013,1,11,0,37.94,24.98,59.22,20,4.60312,NA,0,1033.6,10,2013-01-11 00:00:00
"240","EWR",2013,1,11,1,37.04,24.08,59.09,20,8.05546,NA,0,1033.2,10,2013-01-11 01:00:00
"241","EWR",2013,1,11,2,35.06,24.08,63.91,30,5.7539,NA,0,1033.1,10,2013-01-11 02:00:00
"242","EWR",2013,1,11,3,35.96,24.08,61.67,10,5.7539,NA,0,1032.2,10,2013-01-11 03:00:00
"243","EWR",2013,1,11,4,35.96,24.08,61.67,10,6.90468,NA,0,1031.3,10,2013-01-11 04:00:00
"244","EWR",2013,1,11,5,37.04,24.98,61.35,0,0,NA,0,1031.7,10,2013-01-11 05:00:00
"245","EWR",2013,1,11,6,37.94,24.98,59.22,0,0,NA,0,1031.8,10,2013-01-11 06:00:00
"246","EWR",2013,1,11,7,39.02,26.06,59.37,0,0,NA,0,1031.9,10,2013-01-11 07:00:00
"247","EWR",2013,1,11,8,41,28.94,61.89,80,5.7539,NA,0,1031.4,10,2013-01-11 08:00:00
"248","EWR",2013,1,11,9,42.08,30.92,64.35,80,5.7539,NA,0,1031.1,10,2013-01-11 09:00:00
"249","EWR",2013,1,11,10,42.98,32,64.93,80,5.7539,NA,0,1029.7,10,2013-01-11 10:00:00
"250","EWR",2013,1,11,11,44.06,33.08,65.07,90,5.7539,NA,0,1028.4,10,2013-01-11 11:00:00
"251","EWR",2013,1,11,12,44.96,35.96,70.52,NA,4.60312,NA,0,1027.3,10,2013-01-11 12:00:00
"252","EWR",2013,1,11,13,44.96,37.04,73.59,90,5.7539,NA,0,1026.6,10,2013-01-11 13:00:00
"253","EWR",2013,1,11,14,44.96,37.94,76.25,80,5.7539,NA,0,1025.9,10,2013-01-11 14:00:00
"254","EWR",2013,1,11,15,44.96,39.92,82.38,110,4.60312,NA,0,1024.9,10,2013-01-11 15:00:00
"255","EWR",2013,1,11,16,46.4,41,82.45,90,4.60312,NA,0,NA,10,2013-01-11 16:00:00
"256","EWR",2013,1,11,17,46.4,44.6,93.4,150,5.7539,NA,0.05,NA,3,2013-01-11 17:00:00
"257","EWR",2013,1,11,18,46.4,44.96,95.99,130,5.7539,NA,0.06,NA,3,2013-01-11 18:00:00
"258","EWR",2013,1,11,19,46.4,44.96,95.99,0,0,NA,0.19,NA,3,2013-01-11 19:00:00
"259","EWR",2013,1,11,20,46.4,44.6,100,60,6.90468,NA,0.07,NA,2.5,2013-01-11 20:00:00
"260","EWR",2013,1,11,21,42.98,42.98,100,20,5.7539,NA,0.09,1020.6,1,2013-01-11 21:00:00
"261","EWR",2013,1,11,22,44.6,44.6,100,360,3.45234,NA,0.05,NA,1,2013-01-11 22:00:00
"262","EWR",2013,1,11,23,42.98,42.98,100,10,8.05546,NA,0.02,NA,2,2013-01-11 23:00:00
"263","EWR",2013,1,12,0,44.06,42.98,100,360,5.7539,NA,0.01,NA,1.5,2013-01-12 00:00:00
"264","EWR",2013,1,12,1,44.06,42.98,95.95,340,9.20624,NA,0.01,1018.8,1,2013-01-12 01:00:00
"265","EWR",2013,1,12,2,44.06,44.06,100,360,6.90468,NA,0.01,1019.2,1.5,2013-01-12 02:00:00
"266","EWR",2013,1,12,3,44.96,44.6,100,20,9.20624,NA,0,NA,6,2013-01-12 03:00:00
"267","EWR",2013,1,12,4,44.96,44.6,100,20,8.05546,NA,0,NA,6,2013-01-12 04:00:00
"268","EWR",2013,1,12,5,44.96,44.6,100,360,9.20624,NA,0,NA,6,2013-01-12 05:00:00
"269","EWR",2013,1,12,6,44.06,44.06,100,20,8.05546,NA,0,1019.5,6,2013-01-12 06:00:00
"270","EWR",2013,1,12,7,44.96,44.06,96.63,10,10.35702,NA,0,1020.4,6,2013-01-12 07:00:00
"271","EWR",2013,1,12,8,44.96,44.06,96.63,10,8.05546,NA,0,1021,7,2013-01-12 08:00:00
"272","EWR",2013,1,12,9,46.04,44.06,92.75,10,6.90468,NA,0,1020.9,6,2013-01-12 09:00:00
"273","EWR",2013,1,12,10,46.94,44.96,92.78,360,4.60312,NA,0,1021.1,6,2013-01-12 10:00:00
"274","EWR",2013,1,12,11,48.02,44.96,89.08,40,5.7539,NA,0,1020.4,6,2013-01-12 11:00:00
"275","EWR",2013,1,12,12,46.94,44.96,92.78,30,4.60312,NA,0,1020.5,6,2013-01-12 12:00:00
"276","EWR",2013,1,12,13,48.02,44.96,89.08,30,3.45234,NA,0,1020.7,6,2013-01-12 13:00:00
"277","EWR",2013,1,12,14,48.02,44.96,89.08,50,5.7539,NA,0,1020.3,5,2013-01-12 14:00:00
"278","EWR",2013,1,12,15,48.2,44.96,92.78,40,3.45234,NA,0,NA,2.5,2013-01-12 15:00:00
"279","EWR",2013,1,12,16,46.94,44.96,92.78,50,4.60312,NA,0,1021,2.5,2013-01-12 16:00:00
"280","EWR",2013,1,12,17,46.94,44.96,92.78,30,6.90468,NA,0,1021.7,2.5,2013-01-12 17:00:00
"281","EWR",2013,1,12,18,46.94,44.96,92.78,0,0,NA,0,1021,3,2013-01-12 18:00:00
"282","EWR",2013,1,12,19,46.04,44.06,92.75,0,0,NA,0,1021.7,3,2013-01-12 19:00:00
"283","EWR",2013,1,12,20,46.04,44.06,92.75,0,0,NA,0,1020.9,3,2013-01-12 20:00:00
"284","EWR",2013,1,12,21,46.04,44.06,92.75,0,0,NA,0,1020.2,3,2013-01-12 21:00:00
"285","EWR",2013,1,12,22,46.04,44.06,92.75,0,0,NA,0,1020.4,3,2013-01-12 22:00:00
"286","EWR",2013,1,12,23,46.4,44.96,95.99,0,0,NA,0,NA,2,2013-01-12 23:00:00
"287","EWR",2013,1,13,0,46.4,44.96,100,160,4.60312,NA,0,NA,0.25,2013-01-13 00:00:00
"288","EWR",2013,1,13,1,44.96,44.96,100,0,0,NA,0,1020.5,0.25,2013-01-13 01:00:00
"289","EWR",2013,1,13,2,44.96,44.96,100,150,4.60312,NA,0,NA,0.25,2013-01-13 02:00:00
"290","EWR",2013,1,13,3,44.96,44.96,100,200,5.7539,NA,0,NA,0.25,2013-01-13 03:00:00
"291","EWR",2013,1,13,4,44.6,44.6,100,210,5.7539,NA,0,NA,0.25,2013-01-13 04:00:00
"292","EWR",2013,1,13,5,44.6,44.6,100,170,3.45234,NA,0,NA,0.25,2013-01-13 05:00:00
"293","EWR",2013,1,13,6,44.6,44.6,100,160,4.60312,NA,0,NA,0.5,2013-01-13 06:00:00
"294","EWR",2013,1,13,7,44.6,44.6,100,160,5.7539,NA,0,NA,0.25,2013-01-13 07:00:00
"295","EWR",2013,1,13,8,44.06,44.06,100,0,0,NA,0,1020.9,0.12,2013-01-13 08:00:00
"296","EWR",2013,1,13,9,44.06,44.06,100,0,0,NA,0,1021,0.12,2013-01-13 09:00:00
"297","EWR",2013,1,13,10,44.06,44.06,100,140,4.60312,NA,0,1021.1,0.5,2013-01-13 10:00:00
"298","EWR",2013,1,13,11,46.4,44.6,93.4,160,3.45234,NA,0,NA,2,2013-01-13 11:00:00
"299","EWR",2013,1,13,12,46.94,44.6,93.4,NA,4.60312,NA,0,NA,3,2013-01-13 12:00:00
"300","EWR",2013,1,13,13,48.02,44.96,89.08,140,3.45234,NA,0,1018.1,3,2013-01-13 13:00:00
"301","EWR",2013,1,13,14,48.2,44.96,89.08,NA,4.60312,NA,0,NA,3,2013-01-13 14:00:00
"302","EWR",2013,1,13,15,46.94,44.6,93.4,120,5.7539,NA,0,NA,3,2013-01-13 15:00:00
"303","EWR",2013,1,13,16,46.94,44.06,89.65,0,0,NA,0,1017.5,5,2013-01-13 16:00:00
"304","EWR",2013,1,13,17,48.02,44.96,89.08,0,0,NA,0,1017.5,7,2013-01-13 17:00:00
"305","EWR",2013,1,13,18,48.92,44.96,86.13,0,0,NA,0,1017.2,10,2013-01-13 18:00:00
"306","EWR",2013,1,13,19,48.2,46.94,96.02,0,0,NA,0,NA,2,2013-01-13 19:00:00
"307","EWR",2013,1,13,20,48.2,46.94,100,120,3.45234,NA,0,NA,0.5,2013-01-13 20:00:00
"308","EWR",2013,1,13,21,48.02,48.02,100,0,0,NA,0,1016.4,0.5,2013-01-13 21:00:00
"309","EWR",2013,1,13,22,48.02,48.02,100,0,0,NA,0,1016.5,0.5,2013-01-13 22:00:00
"310","EWR",2013,1,13,23,48.02,48.02,100,0,0,NA,0,1016.4,0.5,2013-01-13 23:00:00
"311","EWR",2013,1,14,0,48.92,48.2,100,0,0,NA,0,NA,0.5,2013-01-14 00:00:00
"312","EWR",2013,1,14,1,48.92,48.92,100,0,0,NA,0,1015.9,0.5,2013-01-14 01:00:00
"313","EWR",2013,1,14,2,48.92,48.92,100,0,0,NA,0,1016,0.5,2013-01-14 02:00:00
"314","EWR",2013,1,14,3,48.92,48.92,100,0,0,NA,0,1015.7,0.5,2013-01-14 03:00:00
"315","EWR",2013,1,14,4,50,48.92,100,0,0,NA,0,NA,0.5,2013-01-14 04:00:00
"316","EWR",2013,1,14,5,48.92,48.92,100,140,3.45234,NA,0,1014,0.5,2013-01-14 05:00:00
"317","EWR",2013,1,14,6,51.08,51.08,100,NA,3.45234,18.41248,0,1016,0.5,2013-01-14 06:00:00
"318","EWR",2013,1,14,7,51.8,51.8,100,290,6.90468,NA,0,NA,2.5,2013-01-14 07:00:00
"319","EWR",2013,1,14,8,51.98,51.08,96.73,260,4.60312,NA,0,1017.7,2.5,2013-01-14 08:00:00
"320","EWR",2013,1,14,9,53.6,51.98,100,250,5.7539,NA,0,NA,6,2013-01-14 09:00:00
"321","EWR",2013,1,14,10,55.94,53.06,90.03,270,5.7539,NA,0,1018.6,8,2013-01-14 10:00:00
"322","EWR",2013,1,14,11,57.92,50,74.86,320,11.5078,NA,0,1018.6,9,2013-01-14 11:00:00
"323","EWR",2013,1,14,12,55.94,44.96,66.52,340,11.5078,NA,0,1018.3,10,2013-01-14 12:00:00
"324","EWR",2013,1,14,13,57.02,44.06,61.81,320,10.35702,17.2617,0,1019,10,2013-01-14 13:00:00
"325","EWR",2013,1,14,14,55.94,37.94,50.72,340,12.65858,20.71404,0,1020,10,2013-01-14 14:00:00
"326","EWR",2013,1,14,15,55.04,39.02,54.67,350,13.80936,NA,0,1020.8,10,2013-01-14 15:00:00
"327","EWR",2013,1,14,16,53.06,30.92,42.58,320,14.96014,27.61872,0,1021,10,2013-01-14 16:00:00
"328","EWR",2013,1,14,17,51.08,30.92,45.81,330,10.35702,NA,0,1021.8,10,2013-01-14 17:00:00
"329","EWR",2013,1,14,18,51.08,30.02,44.16,330,11.5078,18.41248,0,1022.4,10,2013-01-14 18:00:00
"330","EWR",2013,1,14,19,48.92,28.04,44.14,320,11.5078,NA,0,1024.5,10,2013-01-14 19:00:00
"331","EWR",2013,1,14,20,48.02,26.96,43.67,330,12.65858,NA,0,1024.6,10,2013-01-14 20:00:00
"332","EWR",2013,1,14,21,44.06,30.92,59.64,330,17.2617,NA,0,1025.1,10,2013-01-14 21:00:00
"333","EWR",2013,1,14,22,41,35.06,79.21,340,11.5078,NA,0.04,1025.5,10,2013-01-14 22:00:00
"334","EWR",2013,1,14,23,41,35.96,82.09,350,8.05546,NA,0.02,1025.7,10,2013-01-14 23:00:00
"335","EWR",2013,1,15,0,39.92,35.96,85.61,50,4.60312,NA,0.02,1024.8,10,2013-01-15 00:00:00
"336","EWR",2013,1,15,1,37.94,35.06,89.25,30,9.20624,NA,0.03,1025.3,10,2013-01-15 01:00:00
"337","EWR",2013,1,15,2,37.4,35.6,93.14,50,12.65858,NA,0.04,NA,9,2013-01-15 02:00:00
"338","EWR",2013,1,15,3,37.4,35.6,93.14,50,10.35702,NA,0,NA,10,2013-01-15 03:00:00
"339","EWR",2013,1,15,4,35.96,32,85.37,360,8.05546,NA,0,1024.9,10,2013-01-15 04:00:00
"340","EWR",2013,1,15,5,35.96,30.92,81.72,360,10.35702,NA,0,1025.2,10,2013-01-15 05:00:00
"341","EWR",2013,1,15,6,37.04,30.02,75.5,360,8.05546,NA,0,1026,10,2013-01-15 06:00:00
"342","EWR",2013,1,15,7,37.04,28.04,69.63,10,9.20624,NA,0,1026.5,10,2013-01-15 07:00:00
"343","EWR",2013,1,15,8,37.04,28.04,69.63,10,12.65858,NA,0,1027.4,10,2013-01-15 08:00:00
"344","EWR",2013,1,15,9,37.04,26.96,66.6,10,13.80936,NA,0,1027.2,10,2013-01-15 09:00:00
"345","EWR",2013,1,15,10,37.04,26.06,64.17,20,10.35702,NA,0,1027.7,10,2013-01-15 10:00:00
"346","EWR",2013,1,15,11,39.02,24.98,56.77,360,11.5078,NA,0,1026.8,10,2013-01-15 11:00:00
"347","EWR",2013,1,15,12,39.02,26.06,59.37,20,8.05546,NA,0,1025.4,10,2013-01-15 12:00:00
"348","EWR",2013,1,15,13,39.02,24.98,56.77,330,8.05546,NA,0,1025.2,10,2013-01-15 13:00:00
"349","EWR",2013,1,15,14,39.02,26.06,59.37,350,9.20624,NA,0,1024.9,10,2013-01-15 14:00:00
"350","EWR",2013,1,15,15,39.02,26.06,59.37,350,9.20624,NA,0,1025.4,10,2013-01-15 15:00:00
"351","EWR",2013,1,15,16,39.02,24.98,56.77,340,8.05546,NA,0,1025.5,10,2013-01-15 16:00:00
"352","EWR",2013,1,15,17,39.02,26.06,59.37,360,8.05546,NA,0,1025.1,10,2013-01-15 17:00:00
"353","EWR",2013,1,15,18,39.02,26.06,59.37,360,5.7539,NA,0,1025.7,10,2013-01-15 18:00:00
"354","EWR",2013,1,15,19,37.94,26.06,61.94,10,4.60312,NA,0,1025,10,2013-01-15 19:00:00
"355","EWR",2013,1,15,20,37.94,24.98,59.22,20,6.90468,NA,0,1025.3,10,2013-01-15 20:00:00
"356","EWR",2013,1,15,21,37.94,26.96,64.29,30,5.7539,NA,0,1024.1,10,2013-01-15 21:00:00
"357","EWR",2013,1,15,22,37.04,28.94,72.24,20,8.05546,NA,0,1023.7,9,2013-01-15 22:00:00
"358","EWR",2013,1,15,23,35.96,30.02,78.79,20,9.20624,NA,0.02,1023.3,8,2013-01-15 23:00:00
